ID,Hours Worked,Deliveries Completed,Weekly Salary,Route Complexity,Weather Condition,Vehicle Type,Traffic Level,Day of the Week,CUSTOMER_SATISFACTION,AVERAGE_SPEED,Miles Driven,FUEL_CONSUMPTION
0,36,10,1994,Highway,Sunny,Truck,Medium,Weekday,86,62.53,2251.2,366.82
1,49,18,2407,Urban,Sunny,Truck,Low,Weekday,80,31.79,1557.79,304.24
2,58,14,2173,Suburban,Rainy,Truck,Low,Weekday,60,39.68,2301.45,352.8
3,44,20,2419,Highway,Snowy,Truck,High,Weekday,64,36.01,1584.31,239.08
4,40,17,2390,Highway,Rainy,Truck,Medium,Weekday,83,51.54,2061.43,321.02
5,37,10,2058,Urban,Rainy,Truck,Medium,Weekday,70,25.65,949.15,163.55
6,58,27,2820,Suburban,Rainy,Truck,Medium,Weekday,62,38.2,2215.48,377.17
7,50,22,2690,Highway,Sunny,Truck,Medium,Weekday,81,60.03,3001.48,470.29
8,36,12,2055,Urban,Rainy,Truck,Medium,Weekday,67,24.67,888.29,174.73
9,55,10,1997,Highway,Sunny,Truck,High,Weekday,76,49.5,2722.56,422.84
10,48,17,2419,Suburban,Snowy,Truck,Medium,Weekend,77,33.89,1626.77,281.45
11,52,21,2491,Urban,Sunny,Truck,Medium,Weekday,71,28.89,1502.45,268.7
12,40,20,2583,Suburban,Sunny,Truck,Medium,Weekday,71,46.2,1847.91,321.52
13,40,12,2011,Suburban,Sunny,Truck,High,Weekday,71,37.56,1502.27,246.57
14,53,22,2594,Highway,Rainy,Truck,Medium,Weekend,84,53.28,2823.91,468.54
15,50,21,2645,Suburban,Sunny,Truck,Low,Weekday,98,46.63,2331.56,414.16
16,33,14,2217,Highway,Rainy,Truck,Medium,Weekday,77,49.14,1621.66,250.34
17,37,20,2406,Suburban,Rainy,Truck,Medium,Weekday,69,38.32,1417.85,217.32
18,53,15,2162,Urban,Sunny,Truck,High,Weekday,91,23.07,1222.72,232.13
19,32,8,1928,Suburban,Rainy,Truck,Medium,Weekday,85,39.91,1277.12,206.09
20,51,8,1863,Highway,Rainy,Truck,High,Weekend,75,39.51,2014.96,321.02
21,50,20,2492,Highway,Rainy,Truck,Low,Weekend,68,52.23,2611.3,427.54
22,31,10,1999,Urban,Sunny,Truck,High,Weekday,86,23.78,737.05,149.71
23,53,25,2755,Urban,Sunny,Truck,Medium,Weekday,86,29.65,1571.42,302.79
24,41,8,1796,Highway,Sunny,Truck,High,Weekday,73,49.41,2025.99,329.53
25,59,15,2272,Urban,Sunny,Truck,Medium,Weekday,75,29.87,1762.27,349.11
26,35,7,1890,Highway,Snowy,Truck,Medium,Weekday,82,43.52,1523.15,219.34
27,31,8,1816,Urban,Sunny,Truck,High,Weekday,79,23.44,726.68,149.0
28,57,19,2474,Suburban,Rainy,Truck,Medium,Weekend,64,38.28,2182.24,359.55
29,50,13,2130,Urban,Sunny,Truck,Medium,Weekend,96,28.94,1447.12,274.6
30,30,11,1970,Highway,Sunny,Truck,Medium,Weekday,87,60.67,1820.1,275.41
31,41,23,2686,Urban,Rainy,Truck,Medium,Weekday,80,25.67,1052.37,192.47
32,55,18,2325,Highway,Rainy,Truck,Medium,Weekday,64,52.09,2865.22,450.96
33,51,20,2408,Suburban,Sunny,Truck,Medium,Weekday,93,46.97,2395.45,416.3
34,58,29,2864,Highway,Sunny,Truck,Medium,Weekday,93,62.47,3623.46,524.52
35,41,11,1898,Suburban,Sunny,Truck,High,Weekday,68,37.61,1541.84,239.21
36,54,19,2448,Suburban,Sunny,Truck,Medium,Weekend,71,43.85,2367.97,420.52
37,46,20,2493,Suburban,Sunny,Truck,High,Weekend,66,34.67,1594.99,289.1
38,56,25,2811,Urban,Sunny,Truck,High,Weekday,75,23.53,1317.43,225.99
39,56,14,2269,Suburban,Sunny,Truck,Medium,Weekday,84,46.78,2619.56,450.11
40,39,22,2571,Suburban,Rainy,Truck,Low,Weekday,75,42.06,1640.28,270.6
41,57,22,2651,Urban,Sunny,Truck,Low,Weekday,91,32.63,1860.02,354.4
42,57,17,2298,Urban,Sunny,Truck,Medium,Weekday,91,28.83,1643.31,328.93
43,45,13,2162,Urban,Sunny,Truck,High,Weekday,86,25.07,1128.32,205.28
44,44,26,2790,Urban,Rainy,Truck,Medium,Weekday,61,25.3,1113.4,205.15
45,59,23,2586,Urban,Rainy,Truck,Medium,Weekday,76,24.25,1430.68,281.67
46,59,15,2175,Urban,Sunny,Truck,Medium,Weekend,81,29.83,1759.8,329.06
47,44,19,2399,Highway,Rainy,Truck,Medium,Weekday,74,48.68,2142.14,306.37
48,59,17,2401,Highway,Sunny,Truck,Medium,Weekday,94,60.26,3555.53,529.15
49,48,11,1968,Highway,Sunny,Truck,Low,Weekday,80,61.98,2975.18,490.31
50,41,8,1799,Highway,Sunny,Truck,High,Weekday,87,47.87,1962.77,294.56
51,52,13,2109,Highway,Sunny,Truck,Medium,Weekday,77,60.68,3155.31,459.45
52,49,9,1949,Urban,Rainy,Truck,Low,Weekend,88,27.76,1360.36,237.99
53,54,10,1924,Highway,Rainy,Truck,High,Weekend,71,41.46,2238.87,330.68
54,32,14,2245,Suburban,Sunny,Truck,Low,Weekday,92,46.94,1502.03,269.03
55,34,7,1796,Highway,Rainy,Truck,High,Weekday,76,42.1,1431.51,208.15
56,48,12,2126,Highway,Sunny,Truck,High,Weekday,61,49.95,2397.45,350.81
57,36,16,2323,Suburban,Sunny,Truck,High,Weekday,68,34.63,1246.72,229.63
58,50,15,2176,Urban,Sunny,Truck,High,Weekend,86,24.08,1203.83,226.94
59,38,17,2424,Highway,Sunny,Truck,Medium,Weekday,79,58.71,2230.87,349.69
60,36,7,1708,Suburban,Sunny,Truck,High,Weekday,66,34.37,1237.3,199.46
61,47,13,2157,Suburban,Sunny,Truck,Medium,Weekday,89,45.76,2150.65,380.02
62,33,5,1719,Urban,Sunny,Truck,High,Weekday,90,24.87,820.73,149.27
63,54,11,1996,Urban,Sunny,Truck,High,Weekend,73,23.19,1252.31,214.21
64,57,13,2158,Suburban,Rainy,Truck,High,Weekday,84,31.56,1798.69,282.93
65,43,8,1889,Urban,Sunny,Truck,High,Weekend,82,24.85,1068.47,182.48
66,47,11,2125,Urban,Snowy,Truck,Medium,Weekday,75,23.43,1101.32,186.13
67,55,10,1877,Suburban,Sunny,Truck,High,Weekend,71,35.16,1933.53,357.21
68,38,14,2242,Highway,Rainy,Truck,Medium,Weekday,79,53.06,2016.29,298.18
69,55,12,2080,Urban,Rainy,Truck,High,Weekday,88,20.03,1101.88,207.67
70,50,13,2203,Highway,Rainy,Truck,Medium,Weekend,85,51.27,2563.35,362.31
71,31,12,2159,Suburban,Sunny,Truck,Medium,Weekday,77,42.98,1332.3,233.65
72,49,23,2560,Urban,Rainy,Truck,Medium,Weekday,66,24.34,1192.51,201.45
73,57,12,2137,Urban,Sunny,Truck,Medium,Weekday,91,30.66,1747.68,316.45
74,44,17,2319,Highway,Sunny,Truck,High,Weekend,76,47.73,2100.27,300.58
75,57,25,2726,Highway,Sunny,Truck,Medium,Weekday,90,58.54,3336.65,551.24
76,36,6,1785,Urban,Sunny,Truck,Medium,Weekend,77,29.07,1046.56,206.91
77,41,22,2652,Suburban,Sunny,Truck,Medium,Weekday,73,45.76,1876.36,297.36
78,58,25,2700,Urban,Snowy,Truck,High,Weekday,84,17.1,991.84,203.09
79,37,6,1676,Highway,Rainy,Truck,Medium,Weekend,67,52.56,1944.72,277.09
80,44,13,2084,Suburban,Sunny,Truck,Low,Weekday,74,45.26,1991.53,367.66
81,32,12,1985,Highway,Snowy,Truck,Low,Weekend,65,45.79,1465.35,215.26
82,43,16,2280,Suburban,Sunny,Truck,Low,Weekend,86,46.71,2008.64,344.06
83,46,12,2145,Highway,Snowy,Truck,Medium,Weekday,57,44.93,2066.87,306.33
84,33,9,1916,Urban,Sunny,Truck,Low,Weekday,99,31.04,1024.43,182.55
85,47,16,2241,Highway,Sunny,Truck,Low,Weekday,77,61.87,2907.91,454.93
86,37,11,1995,Suburban,Rainy,Truck,High,Weekend,69,32.02,1184.72,214.25
87,33,11,2001,Urban,Rainy,Truck,High,Weekend,71,20.69,682.73,138.34
88,31,10,2066,Highway,Rainy,Truck,Medium,Weekday,88,48.57,1505.65,224.14
89,59,17,2401,Urban,Snowy,Truck,High,Weekday,81,17.87,1054.58,194.49
90,35,17,2273,Highway,Rainy,Truck,Low,Weekday,63,55.56,1944.54,281.01
91,51,8,1878,Highway,Rainy,Truck,Medium,Weekend,57,49.99,2549.36,385.52
92,39,11,1995,Suburban,Rainy,Truck,Medium,Weekday,71,36.7,1431.27,242.3
93,33,16,2218,Urban,Rainy,Truck,Medium,Weekday,63,26.16,863.24,163.19
94,51,28,2867,Suburban,Sunny,Truck,Medium,Weekday,97,45.48,2319.33,427.0
95,58,18,2385,Urban,Rainy,Truck,Medium,Weekend,67,25.68,1489.4,285.19
96,47,19,2391,Urban,Sunny,Truck,Medium,Weekday,99,28.66,1347.05,227.77
97,55,10,1872,Highway,Rainy,Truck,High,Weekday,63,39.33,2163.33,304.99
98,41,15,2316,Highway,Rainy,Truck,Low,Weekday,90,54.21,2222.46,348.63
99,31,12,2108,Suburban,Rainy,Truck,Low,Weekday,70,38.99,1208.66,197.97
100,39,8,1786,Suburban,Rainy,Truck,Low,Weekend,81,40.18,1566.98,244.2
101,59,14,2156,Highway,Rainy,Truck,Medium,Weekend,74,51.23,3022.5,463.4
102,33,11,2113,Highway,Sunny,Truck,Medium,Weekday,75,58.7,1937.13,324.82
103,43,8,1930,Urban,Rainy,Truck,Low,Weekday,59,27.98,1202.95,243.49
104,45,11,1954,Suburban,Sunny,Truck,High,Weekday,69,37.23,1675.48,278.67
105,44,12,2135,Highway,Sunny,Truck,Medium,Weekday,87,61.33,2698.71,373.8
106,37,9,1886,Urban,Sunny,Truck,Low,Weekend,81,30.17,1116.32,199.03
107,43,10,2022,Suburban,Sunny,Truck,Medium,Weekday,85,43.23,1858.79,338.88
108,52,28,2869,Highway,Sunny,Truck,Low,Weekday,94,62.95,3273.64,528.86
109,57,24,2768,Highway,Rainy,Truck,Medium,Weekday,63,49.27,2808.37,403.61
110,54,25,2845,Urban,Sunny,Truck,Medium,Weekday,75,31.43,1697.48,294.25
111,59,30,2912,Suburban,Sunny,Truck,Medium,Weekday,97,43.46,2564.34,417.56
112,37,14,2148,Highway,Sunny,Truck,Low,Weekday,74,62.92,2328.08,342.84
113,50,11,2009,Urban,Sunny,Truck,Medium,Weekday,72,29.59,1479.62,302.54
114,45,14,2186,Urban,Rainy,Truck,Low,Weekend,70,27.15,1221.67,212.29
115,42,18,2487,Urban,Sunny,Truck,Low,Weekday,84,30.33,1273.92,223.05
116,47,23,2554,Urban,Sunny,Truck,Medium,Weekday,79,29.79,1400.17,272.42
117,44,12,2133,Urban,Sunny,Truck,Medium,Weekend,95,29.32,1290.26,229.36
118,50,12,2026,Urban,Sunny,Truck,Medium,Weekday,89,31.16,1558.16,306.0
119,53,12,2123,Urban,Sunny,Truck,Medium,Weekend,88,28.62,1516.95,309.36
120,55,18,2448,Urban,Sunny,Truck,Medium,Weekday,85,31.24,1718.27,338.43
121,54,24,2607,Urban,Rainy,Truck,Low,Weekday,86,27.67,1494.0,295.67
122,57,24,2799,Suburban,Rainy,Truck,Low,Weekday,68,39.35,2242.92,386.36
123,57,15,2159,Highway,Sunny,Truck,High,Weekday,66,49.39,2815.15,433.61
124,57,33,3116,Suburban,Snowy,Truck,Medium,Weekday,59,32.17,1833.57,305.07
125,42,14,2108,Suburban,Sunny,Truck,High,Weekend,79,37.68,1582.59,265.0
126,38,11,2074,Highway,Sunny,Truck,Medium,Weekday,76,60.16,2286.06,363.02
127,58,13,2107,Urban,Snowy,Truck,Medium,Weekday,82,22.06,1279.33,261.54
128,44,11,1952,Urban,Sunny,Truck,Medium,Weekday,98,29.59,1301.86,236.12
129,42,12,2085,Highway,Snowy,Truck,Medium,Weekday,65,43.05,1808.05,279.78
130,30,7,1819,Urban,Sunny,Truck,Medium,Weekday,83,31.47,944.04,182.16
131,54,14,2229,Highway,Sunny,Truck,Medium,Weekday,71,57.24,3090.73,436.28
132,36,8,1908,Highway,Sunny,Truck,Medium,Weekend,79,60.93,2193.46,316.71
133,38,8,1710,Suburban,Rainy,Truck,Medium,Weekend,82,38.03,1445.18,224.78
134,53,23,2655,Highway,Rainy,Truck,High,Weekday,82,42.63,2259.47,342.69
135,30,4,1560,Suburban,Rainy,Truck,High,Weekday,73,29.82,894.68,161.0
136,41,12,2067,Urban,Sunny,Truck,Medium,Weekend,85,30.1,1233.95,219.88
137,37,10,1871,Suburban,Sunny,Truck,Medium,Weekend,88,44.92,1662.06,294.31
138,53,31,3065,Urban,Sunny,Truck,Low,Weekday,87,32.14,1703.37,319.19
139,40,7,1671,Highway,Sunny,Truck,Medium,Weekend,78,57.41,2296.32,381.08
140,48,17,2399,Urban,Snowy,Truck,Medium,Weekday,80,21.81,1046.93,182.03
141,46,21,2513,Highway,Sunny,Truck,High,Weekend,75,46.63,2144.98,351.28
142,37,20,2585,Urban,Rainy,Truck,Medium,Weekday,69,26.11,965.97,165.54
143,32,16,2235,Suburban,Rainy,Truck,Medium,Weekday,85,37.06,1185.95,184.24
144,32,7,1841,Highway,Sunny,Truck,Medium,Weekend,89,60.44,1934.11,295.14
145,30,6,1688,Urban,Rainy,Truck,High,Weekday,77,19.82,594.57,104.98
146,56,26,2730,Suburban,Sunny,Truck,Medium,Weekday,81,46.63,2611.13,425.03
147,34,19,2396,Suburban,Sunny,Truck,Medium,Weekday,94,46.99,1597.65,251.06
148,39,12,2028,Urban,Sunny,Truck,High,Weekend,75,24.04,937.73,176.06
149,36,12,2029,Highway,Sunny,Truck,Low,Weekend,76,62.07,2234.5,320.25
150,55,13,2195,Urban,Sunny,Truck,High,Weekend,78,23.36,1284.9,239.74
151,38,19,2507,Highway,Sunny,Truck,Low,Weekday,84,60.16,2286.22,318.32
152,57,12,2043,Suburban,Sunny,Truck,High,Weekend,77,35.17,2004.5,335.0
153,36,11,2004,Suburban,Sunny,Truck,Medium,Weekday,96,45.69,1644.99,276.23
154,38,14,2243,Suburban,Rainy,Truck,Medium,Weekday,69,38.38,1458.39,229.95
155,37,11,1899,Suburban,Rainy,Truck,High,Weekend,70,31.96,1182.47,185.17
156,41,12,2144,Highway,Sunny,Truck,Low,Weekday,73,62.35,2556.21,383.13
157,31,7,1893,Suburban,Sunny,Truck,Medium,Weekday,88,45.87,1422.04,253.22
158,30,13,2189,Suburban,Rainy,Truck,Medium,Weekday,76,38.21,1146.27,192.29
159,45,14,2235,Highway,Sunny,Truck,Medium,Weekday,97,60.08,2703.4,374.54
160,52,17,2251,Suburban,Rainy,Truck,Medium,Weekend,76,37.36,1942.81,308.21
161,52,13,2193,Highway,Sunny,Truck,Low,Weekday,96,62.72,3261.24,465.18
162,59,18,2321,Urban,Sunny,Truck,Low,Weekend,84,31.41,1853.07,378.53
163,53,21,2472,Suburban,Sunny,Truck,Low,Weekday,83,48.23,2556.0,428.76
164,34,7,1841,Urban,Sunny,Truck,Low,Weekday,70,32.89,1118.19,201.17
165,32,10,2014,Highway,Rainy,Truck,Medium,Weekday,77,50.13,1604.15,228.0
166,41,8,1802,Urban,Sunny,Truck,High,Weekend,70,22.9,938.95,191.11
167,37,6,1725,Urban,Rainy,Truck,High,Weekday,80,20.39,754.52,130.53
168,51,24,2613,Suburban,Rainy,Truck,High,Weekend,89,30.74,1567.54,258.75
169,56,18,2403,Urban,Sunny,Truck,Low,Weekday,91,30.46,1705.51,336.19
170,32,16,2307,Urban,Rainy,Truck,Medium,Weekday,65,26.16,837.25,160.93
171,30,9,1914,Suburban,Sunny,Truck,Low,Weekday,74,49.54,1486.24,259.0
172,32,12,2043,Urban,Sunny,Truck,Medium,Weekend,78,31.34,1002.79,184.56
173,34,13,2051,Urban,Rainy,Truck,Medium,Weekend,75,24.73,840.74,171.03
174,44,19,2498,Urban,Sunny,Truck,Low,Weekday,80,32.68,1438.03,285.82
175,43,16,2283,Suburban,Sunny,Truck,Medium,Weekday,85,45.92,1974.57,309.73
176,32,8,1932,Urban,Sunny,Truck,High,Weekday,61,23.89,764.46,152.79
177,30,8,1844,Urban,Sunny,Truck,Medium,Weekend,81,30.12,903.65,176.77
178,34,19,2549,Highway,Rainy,Truck,Medium,Weekday,77,52.78,1794.62,274.47
179,55,23,2592,Highway,Rainy,Truck,Low,Weekend,66,53.44,2939.4,443.84
180,52,24,2754,Highway,Rainy,Truck,Medium,Weekend,74,50.35,2618.37,376.85
181,43,8,1723,Highway,Rainy,Truck,High,Weekday,82,40.77,1753.22,268.47
182,36,13,2058,Urban,Sunny,Truck,Low,Weekend,77,31.75,1142.97,200.06
183,56,32,3141,Suburban,Sunny,Truck,Medium,Weekday,81,43.6,2441.65,397.53
184,38,10,1935,Urban,Sunny,Truck,Low,Weekday,98,32.76,1244.99,249.89
185,44,9,2000,Suburban,Sunny,Truck,Medium,Weekday,96,45.78,2014.49,360.53
186,44,21,2563,Suburban,Sunny,Truck,Low,Weekday,99,47.88,2106.71,355.6
187,55,18,2353,Suburban,Snowy,Truck,High,Weekend,57,25.92,1425.53,242.59
188,39,16,2253,Urban,Sunny,Truck,High,Weekday,67,24.25,945.75,167.0
189,57,11,1965,Urban,Sunny,Truck,High,Weekday,78,23.09,1316.15,239.86
190,42,21,2451,Urban,Sunny,Truck,Medium,Weekday,71,28.74,1206.92,228.62
191,48,10,2017,Highway,Rainy,Truck,High,Weekday,93,40.91,1963.75,318.51
192,36,9,1924,Urban,Rainy,Truck,Medium,Weekday,59,25.25,909.08,178.08
193,46,12,2066,Suburban,Sunny,Truck,Medium,Weekday,79,45.4,2088.38,342.89
194,49,25,2829,Suburban,Sunny,Truck,Medium,Weekday,71,43.15,2114.42,357.88
195,58,21,2645,Highway,Rainy,Truck,Low,Weekend,72,53.18,3084.46,465.95
196,33,10,1980,Urban,Sunny,Truck,Low,Weekend,92,30.48,1005.69,199.37
197,59,16,2297,Suburban,Sunny,Truck,High,Weekday,72,37.75,2227.46,359.53
198,34,14,2245,Highway,Rainy,Truck,Medium,Weekend,66,51.31,1744.6,246.92
199,52,18,2354,Urban,Rainy,Truck,Medium,Weekday,83,25.98,1350.85,262.88
200,36,18,2305,Suburban,Sunny,Truck,Medium,Weekday,97,44.21,1591.72,265.74
201,42,12,2080,Urban,Rainy,Truck,High,Weekday,56,19.57,822.08,139.02
202,44,12,2069,Highway,Rainy,Truck,High,Weekday,73,42.74,1880.63,294.77
203,40,12,2088,Urban,Sunny,Truck,High,Weekday,62,23.49,939.48,170.73
204,58,14,2197,Suburban,Snowy,Truck,Medium,Weekend,75,33.49,1942.59,352.67
205,33,16,2285,Urban,Rainy,Truck,Low,Weekday,72,27.18,896.82,162.63
206,42,12,2033,Highway,Rainy,Truck,Medium,Weekend,76,48.58,2040.19,336.76
207,36,10,2000,Urban,Rainy,Truck,Low,Weekday,77,27.61,993.81,168.56
208,56,24,2664,Urban,Sunny,Truck,Low,Weekend,96,31.62,1770.45,314.3
209,48,16,2248,Urban,Sunny,Truck,Medium,Weekday,70,29.33,1408.06,246.54
210,51,21,2491,Suburban,Sunny,Truck,Medium,Weekday,80,43.03,2194.39,351.39
211,57,25,2848,Highway,Sunny,Truck,High,Weekday,75,46.38,2643.66,393.49
212,31,13,2131,Suburban,Sunny,Truck,Medium,Weekday,70,46.78,1450.11,244.13
213,39,9,2022,Highway,Rainy,Truck,Medium,Weekday,89,51.95,2026.0,286.44
214,42,19,2370,Urban,Rainy,Truck,Low,Weekend,69,26.11,1096.43,186.04
215,59,20,2571,Highway,Rainy,Truck,High,Weekday,69,39.03,2302.63,348.95
216,54,14,2211,Urban,Rainy,Truck,High,Weekend,81,20.79,1122.6,191.37
217,50,9,1919,Urban,Rainy,Truck,High,Weekday,90,20.55,1027.39,187.14
218,35,14,2129,Urban,Sunny,Truck,High,Weekend,72,23.77,831.98,152.9
219,57,25,2729,Highway,Sunny,Truck,Medium,Weekday,94,59.18,3373.36,515.81
220,57,23,2556,Urban,Sunny,Truck,Medium,Weekday,79,29.15,1661.58,326.69
221,41,17,2411,Highway,Rainy,Truck,Medium,Weekend,60,51.87,2126.47,357.7
222,41,21,2463,Suburban,Sunny,Truck,Medium,Weekday,78,47.12,1931.84,339.53
223,49,12,2072,Suburban,Rainy,Truck,Medium,Weekday,88,37.01,1813.47,301.66
224,59,19,2492,Urban,Sunny,Truck,Medium,Weekday,92,30.29,1787.19,339.1
225,59,13,2158,Urban,Rainy,Truck,High,Weekday,67,20.25,1194.47,223.5
226,40,15,2260,Urban,Rainy,Truck,High,Weekday,81,20.29,811.65,137.12
227,55,8,1813,Highway,Rainy,Truck,High,Weekend,62,39.8,2188.83,341.88
228,52,17,2331,Urban,Snowy,Truck,High,Weekday,77,18.59,966.43,180.7
229,57,28,2929,Suburban,Rainy,Truck,Medium,Weekday,85,38.19,2177.04,391.54
230,54,29,3012,Urban,Snowy,Truck,Low,Weekday,78,23.73,1281.29,260.86
231,36,12,2019,Highway,Snowy,Truck,Low,Weekday,75,46.33,1667.79,239.5
232,59,31,2959,Suburban,Rainy,Truck,Medium,Weekday,75,37.03,2184.94,359.08
233,30,5,1596,Urban,Rainy,Truck,High,Weekend,85,19.56,586.66,103.26
234,30,16,2393,Suburban,Sunny,Truck,Low,Weekday,72,48.26,1447.85,259.48
235,54,10,1866,Urban,Sunny,Truck,High,Weekend,91,23.27,1256.63,229.41
236,56,20,2453,Urban,Sunny,Truck,Low,Weekday,99,32.1,1797.53,350.13
237,59,30,2932,Highway,Sunny,Truck,Medium,Weekday,92,59.34,3501.19,561.0
238,54,14,2263,Highway,Sunny,Truck,Medium,Weekday,83,59.49,3212.71,539.48
239,49,14,2194,Suburban,Snowy,Truck,Low,Weekday,84,35.33,1731.09,311.55
240,42,20,2413,Highway,Rainy,Truck,Low,Weekday,61,52.84,2219.35,349.6
241,38,18,2364,Suburban,Rainy,Truck,Medium,Weekday,78,36.72,1395.45,251.87
242,32,11,1988,Urban,Sunny,Truck,High,Weekend,83,23.54,753.38,127.16
243,36,17,2329,Highway,Sunny,Truck,Medium,Weekday,80,60.98,2195.37,345.87
244,35,11,1937,Highway,Sunny,Truck,Medium,Weekend,85,60.99,2134.81,349.28
245,37,11,2074,Highway,Sunny,Truck,Medium,Weekday,77,58.72,2172.54,350.25
246,56,14,2231,Suburban,Sunny,Truck,Low,Weekend,76,47.06,2635.44,431.67
247,38,8,1827,Urban,Sunny,Truck,High,Weekend,67,23.26,884.04,179.35
248,59,33,3218,Urban,Snowy,Truck,Low,Weekday,66,22.94,1353.5,233.71
249,34,11,2009,Urban,Rainy,Truck,High,Weekend,77,19.43,660.52,111.98
250,30,10,1924,Highway,Sunny,Truck,Medium,Weekday,83,62.38,1871.41,298.68
251,48,14,2196,Urban,Sunny,Truck,High,Weekend,70,23.31,1118.67,209.25
252,39,22,2616,Highway,Sunny,Truck,Low,Weekday,77,61.28,2390.06,400.4
253,41,10,2035,Suburban,Sunny,Truck,Medium,Weekday,91,44.01,1804.34,292.49
254,53,18,2428,Urban,Snowy,Truck,Low,Weekend,66,22.74,1205.47,227.15
255,44,17,2445,Urban,Sunny,Truck,Low,Weekday,96,31.94,1405.3,272.79
256,56,24,2624,Urban,Sunny,Truck,Medium,Weekday,97,28.73,1608.62,316.45
257,51,8,1780,Urban,Sunny,Truck,Medium,Weekend,77,28.9,1474.03,264.81
258,53,29,2917,Suburban,Sunny,Truck,Medium,Weekday,71,45.65,2419.52,410.13
259,38,21,2622,Urban,Rainy,Truck,Low,Weekday,76,26.35,1001.14,198.09
260,49,20,2587,Highway,Rainy,Truck,Medium,Weekday,71,52.06,2550.97,372.42
261,46,17,2259,Urban,Rainy,Truck,High,Weekday,72,20.52,943.79,172.53
262,59,26,2772,Highway,Sunny,Truck,Medium,Weekend,70,58.54,3453.63,488.25
263,46,22,2627,Highway,Sunny,Truck,Medium,Weekday,84,60.9,2801.63,459.65
264,55,14,2195,Suburban,Sunny,Truck,Medium,Weekday,83,43.27,2380.03,375.23
265,49,16,2286,Suburban,Rainy,Truck,High,Weekday,76,30.71,1504.86,242.4
266,41,14,2196,Suburban,Sunny,Truck,Medium,Weekend,91,44.72,1833.4,331.06
267,59,21,2480,Urban,Sunny,Truck,Medium,Weekday,85,29.3,1728.91,308.16
268,36,13,2094,Urban,Rainy,Truck,High,Weekday,91,20.61,742.04,139.04
269,31,13,2042,Highway,Rainy,Truck,High,Weekend,65,42.32,1311.77,182.51
270,32,18,2445,Highway,Sunny,Truck,Medium,Weekday,70,62.99,2015.79,329.01
271,46,17,2309,Suburban,Sunny,Truck,Medium,Weekday,97,45.48,2092.31,339.03
272,34,6,1791,Urban,Sunny,Truck,High,Weekday,76,23.77,808.22,153.29
273,46,27,2883,Suburban,Rainy,Truck,Medium,Weekday,87,37.2,1711.15,261.32
274,53,28,2959,Suburban,Sunny,Truck,Low,Weekday,82,46.1,2443.42,421.57
275,46,11,2042,Highway,Snowy,Truck,Low,Weekday,76,47.15,2169.03,300.83
276,56,24,2692,Urban,Sunny,Truck,High,Weekend,89,23.68,1326.16,227.33
277,46,25,2779,Urban,Snowy,Truck,Medium,Weekday,76,23.43,1077.83,209.21
278,31,9,1853,Highway,Rainy,Truck,High,Weekend,64,40.26,1248.14,178.29
279,31,13,2200,Suburban,Sunny,Truck,Medium,Weekday,79,44.43,1377.35,208.86
280,57,16,2187,Urban,Rainy,Truck,Medium,Weekend,65,25.2,1436.57,279.88
281,51,8,1758,Highway,Sunny,Truck,Low,Weekend,93,65.12,3321.16,509.65
282,52,17,2411,Urban,Snowy,Truck,Low,Weekday,82,23.98,1247.02,230.0
283,34,13,2033,Suburban,Rainy,Truck,High,Weekday,88,30.95,1052.28,182.88
284,30,4,1609,Highway,Sunny,Truck,High,Weekday,76,47.2,1416.12,237.6
285,30,8,1826,Suburban,Rainy,Truck,Medium,Weekend,56,39.47,1183.98,209.03
286,48,13,2137,Highway,Snowy,Truck,Medium,Weekend,84,42.92,2060.29,326.4
287,59,24,2610,Suburban,Sunny,Truck,Medium,Weekday,94,46.67,2753.45,464.14
288,31,17,2427,Suburban,Sunny,Truck,Medium,Weekday,84,45.06,1396.78,249.19
289,50,16,2358,Urban,Rainy,Truck,Medium,Weekday,74,25.24,1262.03,217.47
290,41,10,1894,Urban,Rainy,Truck,Low,Weekend,65,26.77,1097.46,195.23
291,55,27,2832,Suburban,Sunny,Truck,Medium,Weekday,79,45.75,2516.44,457.35
292,35,10,1967,Urban,Sunny,Truck,High,Weekday,72,22.83,799.07,143.66
293,52,12,2023,Suburban,Sunny,Truck,High,Weekday,77,37.34,1941.55,313.94
294,33,12,2148,Highway,Sunny,Truck,Low,Weekday,78,62.66,2067.93,287.12
295,52,10,1909,Suburban,Sunny,Truck,High,Weekend,60,35.43,1842.6,340.99
296,40,10,2055,Suburban,Snowy,Truck,Medium,Weekday,66,32.53,1301.16,228.37
297,53,21,2639,Suburban,Sunny,Truck,Medium,Weekday,81,44.73,2370.56,363.95
298,56,20,2514,Highway,Rainy,Truck,Low,Weekday,70,53.53,2997.7,418.06
299,46,26,2706,Urban,Sunny,Truck,Medium,Weekday,94,29.71,1366.7,242.4
300,35,12,2079,Urban,Sunny,Truck,Medium,Weekday,86,30.54,1068.76,187.93
301,53,17,2378,Urban,Sunny,Truck,Medium,Weekend,86,29.76,1577.42,318.11
302,34,12,2021,Urban,Sunny,Truck,High,Weekend,88,25.11,853.65,157.65
303,49,8,1712,Highway,Rainy,Truck,High,Weekday,73,41.21,2019.05,323.27
304,31,14,2103,Suburban,Snowy,Truck,Medium,Weekday,89,34.79,1078.42,191.98
305,35,7,1756,Urban,Rainy,Truck,High,Weekend,82,19.6,686.11,119.63
306,51,29,2889,Highway,Snowy,Truck,Medium,Weekday,65,44.54,2271.43,371.25
307,40,10,1916,Urban,Rainy,Truck,Medium,Weekday,68,25.08,1003.36,186.98
308,45,12,2070,Urban,Sunny,Truck,Medium,Weekend,90,30.21,1359.38,231.44
309,45,8,1801,Highway,Rainy,Truck,Low,Weekend,86,55.48,2496.77,403.66
310,30,13,2135,Suburban,Rainy,Truck,Medium,Weekend,77,36.64,1099.11,167.2
311,38,12,1980,Suburban,Sunny,Truck,Medium,Weekend,76,43.08,1636.91,248.27
312,57,19,2385,Urban,Rainy,Truck,Low,Weekend,80,27.71,1579.64,289.31
313,56,9,1946,Highway,Sunny,Truck,High,Weekday,71,46.62,2610.81,423.52
314,35,17,2373,Suburban,Sunny,Truck,Medium,Weekday,70,45.76,1601.58,277.12
315,45,12,2165,Urban,Rainy,Truck,Medium,Weekday,79,25.61,1152.42,216.68
316,58,32,3177,Urban,Sunny,Truck,Low,Weekday,91,32.55,1887.82,363.46
317,32,9,1912,Urban,Sunny,Truck,Medium,Weekday,73,28.88,924.01,178.96
318,49,13,2165,Urban,Snowy,Truck,Medium,Weekday,92,21.67,1061.68,179.64
319,57,9,1971,Urban,Rainy,Truck,High,Weekday,85,20.52,1169.41,232.69
320,56,21,2511,Urban,Sunny,Truck,Medium,Weekday,81,31.34,1754.99,310.51
321,33,14,2106,Urban,Rainy,Truck,Low,Weekday,80,26.55,876.06,180.24
322,48,10,2054,Suburban,Sunny,Truck,Medium,Weekday,72,44.22,2122.62,347.09
323,55,28,2891,Urban,Sunny,Truck,Low,Weekday,82,31.84,1750.98,299.35
324,32,9,1811,Suburban,Snowy,Truck,Medium,Weekend,82,35.2,1126.49,196.06
325,48,19,2548,Suburban,Rainy,Truck,Medium,Weekday,61,39.54,1897.86,337.54
326,49,14,2146,Urban,Sunny,Truck,High,Weekday,69,25.19,1234.27,221.84
327,36,9,1918,Urban,Rainy,Truck,Low,Weekend,84,25.5,917.88,163.05
328,49,20,2582,Urban,Rainy,Truck,Medium,Weekday,63,24.51,1201.13,214.37
329,38,9,1979,Urban,Sunny,Truck,Low,Weekday,89,31.84,1210.1,232.49
330,30,8,1861,Suburban,Sunny,Truck,Medium,Weekday,85,46.44,1393.28,244.32
331,37,20,2548,Urban,Sunny,Truck,Medium,Weekday,76,29.36,1086.16,184.33
332,36,16,2230,Suburban,Rainy,Truck,High,Weekend,83,29.8,1072.87,164.86
333,47,16,2348,Highway,Rainy,Truck,Medium,Weekday,84,52.46,2465.79,376.82
334,37,11,2087,Highway,Rainy,Truck,Low,Weekday,69,51.17,1893.45,268.31
335,30,13,2107,Urban,Snowy,Truck,Medium,Weekday,88,22.21,666.18,124.55
336,40,14,2219,Highway,Rainy,Truck,Low,Weekday,63,53.58,2143.24,329.72
337,57,11,2116,Highway,Sunny,Truck,Low,Weekday,95,63.38,3612.67,587.72
338,54,14,2232,Urban,Sunny,Truck,Medium,Weekday,98,30.69,1657.04,311.44
339,54,26,2764,Highway,Sunny,Truck,Low,Weekday,96,62.09,3352.62,504.2
340,47,21,2462,Highway,Sunny,Truck,Low,Weekday,76,63.71,2994.37,501.59
341,52,8,1872,Suburban,Rainy,Truck,High,Weekday,74,30.86,1604.78,270.49
342,59,17,2331,Highway,Rainy,Truck,Medium,Weekday,71,51.24,3023.33,433.68
343,39,11,2122,Suburban,Sunny,Truck,Low,Weekday,96,47.91,1868.64,300.61
344,32,12,2078,Suburban,Sunny,Truck,Medium,Weekend,92,43.92,1405.36,228.06
345,36,7,1913,Suburban,Rainy,Truck,Medium,Weekday,66,36.66,1319.81,203.31
346,57,13,2237,Highway,Sunny,Truck,Medium,Weekday,79,57.72,3289.79,551.63
347,45,23,2688,Suburban,Sunny,Truck,Medium,Weekday,99,43.76,1969.23,324.5
348,55,14,2290,Urban,Sunny,Truck,Low,Weekday,85,31.5,1732.53,303.4
349,45,16,2293,Urban,Sunny,Truck,Medium,Weekend,95,31.02,1395.96,256.39
350,54,15,2201,Urban,Snowy,Truck,Medium,Weekday,64,22.95,1239.46,237.91
351,49,8,1918,Suburban,Sunny,Truck,Medium,Weekend,78,46.3,2268.73,407.79
352,57,12,2084,Urban,Sunny,Truck,High,Weekday,66,23.64,1347.61,231.61
353,46,17,2272,Suburban,Sunny,Truck,Medium,Weekend,71,44.57,2050.26,343.72
354,31,16,2395,Urban,Snowy,Truck,Medium,Weekday,71,22.26,690.08,118.81
355,30,12,1964,Suburban,Sunny,Truck,Medium,Weekend,82,43.61,1308.4,214.39
356,45,16,2251,Suburban,Sunny,Truck,Medium,Weekday,92,43.03,1936.15,311.83
357,59,27,2861,Highway,Sunny,Truck,Low,Weekday,92,63.57,3750.79,535.7
358,41,11,2031,Suburban,Sunny,Truck,Low,Weekday,73,49.56,2032.02,328.22
359,34,8,1871,Highway,Sunny,Truck,High,Weekday,80,46.4,1577.63,244.01
360,34,14,2210,Highway,Rainy,Truck,Medium,Weekend,81,48.69,1655.4,250.14
361,56,11,2115,Highway,Sunny,Truck,Medium,Weekday,81,61.68,3453.92,493.42
362,52,12,2041,Urban,Sunny,Truck,Medium,Weekday,86,29.26,1521.4,289.05
363,38,10,1920,Urban,Rainy,Truck,Medium,Weekday,61,26.34,1000.94,189.6
364,38,8,1841,Highway,Sunny,Truck,Low,Weekday,82,64.28,2442.82,402.69
365,32,6,1746,Highway,Sunny,Truck,High,Weekday,85,50.14,1604.46,224.49
366,48,20,2512,Suburban,Sunny,Truck,Low,Weekday,87,46.82,2247.34,407.92
367,45,12,2073,Suburban,Snowy,Truck,High,Weekday,90,27.44,1234.68,199.86
368,45,20,2556,Suburban,Sunny,Truck,High,Weekend,83,35.87,1614.31,273.8
369,32,12,1994,Suburban,Rainy,Truck,High,Weekday,82,31.0,991.99,168.51
370,49,16,2319,Suburban,Rainy,Truck,Medium,Weekday,71,38.06,1864.8,300.03
371,53,12,2102,Highway,Sunny,Truck,Low,Weekend,77,61.04,3235.03,536.62
372,51,17,2418,Urban,Snowy,Truck,Medium,Weekday,76,22.52,1148.41,208.76
373,53,23,2678,Suburban,Sunny,Truck,Medium,Weekday,70,45.13,2391.82,378.07
374,30,9,1979,Highway,Sunny,Truck,Medium,Weekday,89,61.86,1855.91,263.88
375,53,18,2348,Urban,Rainy,Truck,High,Weekday,68,20.88,1106.66,219.39
376,49,17,2297,Highway,Rainy,Truck,Medium,Weekday,68,51.84,2539.93,356.5
377,40,12,2005,Urban,Rainy,Truck,Medium,Weekend,68,24.51,980.57,176.09
378,46,17,2346,Urban,Sunny,Truck,Medium,Weekday,78,30.66,1410.45,242.66
379,37,11,1959,Urban,Sunny,Truck,Medium,Weekday,92,30.0,1110.03,206.17
380,33,15,2166,Urban,Rainy,Truck,Medium,Weekend,71,26.5,874.66,160.62
381,35,13,2193,Urban,Sunny,Truck,High,Weekend,72,25.01,875.27,149.55
382,37,9,1870,Highway,Sunny,Truck,Medium,Weekday,83,57.33,2121.24,297.6
383,49,20,2454,Highway,Sunny,Truck,High,Weekday,89,49.54,2427.41,371.64
384,59,18,2324,Suburban,Sunny,Truck,High,Weekday,81,34.34,2025.81,353.59
385,32,13,2031,Urban,Rainy,Truck,High,Weekend,73,20.13,644.13,121.89
386,45,18,2462,Highway,Sunny,Truck,Low,Weekend,92,63.27,2846.99,441.27
387,59,16,2384,Suburban,Snowy,Truck,High,Weekday,80,26.05,1536.94,267.56
388,54,11,2126,Highway,Sunny,Truck,Medium,Weekday,82,61.48,3319.81,527.41
389,32,9,1928,Urban,Rainy,Truck,Low,Weekday,68,25.46,814.68,140.71
390,54,17,2379,Highway,Sunny,Truck,Medium,Weekend,85,58.01,3132.63,519.32
391,58,26,2887,Suburban,Sunny,Truck,Medium,Weekday,95,45.36,2631.09,423.47
392,47,14,2186,Urban,Sunny,Truck,Low,Weekday,80,32.18,1512.24,299.65
393,43,8,1788,Highway,Sunny,Truck,Low,Weekend,91,65.62,2821.87,441.28
394,47,25,2822,Suburban,Sunny,Truck,Low,Weekday,74,48.22,2266.39,414.04
395,31,14,2131,Urban,Snowy,Truck,High,Weekday,70,18.31,567.59,110.18
396,51,20,2559,Highway,Rainy,Truck,Low,Weekday,84,52.98,2702.19,388.56
397,32,8,1971,Highway,Sunny,Truck,Medium,Weekday,80,57.01,1824.25,256.64
398,45,13,2242,Highway,Sunny,Truck,Medium,Weekday,94,57.72,2597.44,416.76
399,58,12,2086,Highway,Sunny,Truck,Medium,Weekday,88,60.21,3492.02,532.98
400,38,16,2295,Urban,Sunny,Truck,High,Weekday,66,24.42,927.97,172.87
401,33,6,1626,Suburban,Rainy,Truck,Low,Weekend,74,39.83,1314.42,203.84
402,30,12,2076,Urban,Snowy,Truck,Medium,Weekday,66,23.02,690.57,121.5
403,33,10,2099,Highway,Sunny,Truck,Medium,Weekday,76,60.13,1984.33,299.87
404,30,9,1877,Highway,Sunny,Truck,High,Weekday,63,45.96,1378.68,201.99
405,43,15,2152,Highway,Sunny,Truck,Medium,Weekend,72,58.15,2500.54,354.26
406,50,20,2545,Urban,Rainy,Truck,High,Weekend,85,21.09,1054.68,216.55
407,45,12,2108,Suburban,Sunny,Truck,Low,Weekday,82,48.31,2174.07,369.52
408,49,10,2078,Highway,Rainy,Truck,Medium,Weekday,67,53.01,2597.65,363.94
409,53,13,2201,Suburban,Rainy,Truck,Medium,Weekday,61,36.79,1949.72,310.05
410,37,16,2295,Suburban,Sunny,Truck,High,Weekday,87,37.76,1397.3,230.9
411,36,19,2366,Urban,Rainy,Truck,Low,Weekday,74,26.0,935.89,172.29
412,32,11,2008,Suburban,Sunny,Truck,Low,Weekend,91,44.94,1438.18,247.22
413,46,16,2292,Urban,Rainy,Truck,Medium,Weekend,85,26.77,1231.35,227.1
414,30,13,2070,Urban,Sunny,Truck,Low,Weekday,77,30.81,924.31,166.01
415,45,9,1851,Urban,Sunny,Truck,Low,Weekend,86,32.03,1441.32,271.34
416,41,18,2437,Urban,Snowy,Truck,High,Weekend,78,17.42,714.14,126.82
417,56,20,2509,Highway,Rainy,Truck,Medium,Weekday,88,51.41,2878.91,406.81
418,48,16,2338,Urban,Rainy,Truck,Medium,Weekday,63,26.53,1273.45,253.32
419,51,16,2321,Highway,Sunny,Truck,High,Weekend,69,47.14,2403.98,367.8
420,52,11,2092,Urban,Rainy,Truck,Medium,Weekday,76,25.93,1348.58,254.42
421,51,10,1965,Highway,Sunny,Truck,Low,Weekend,79,61.03,3112.72,454.58
422,43,16,2229,Suburban,Rainy,Truck,Medium,Weekend,76,38.73,1665.28,292.16
423,59,13,2100,Suburban,Sunny,Truck,Medium,Weekday,85,44.26,2611.58,423.39
424,35,12,2101,Urban,Snowy,Truck,Medium,Weekend,76,21.85,764.76,131.68
425,35,8,1713,Highway,Snowy,Truck,Medium,Weekend,93,44.16,1545.58,238.08
426,42,14,2104,Suburban,Rainy,Truck,Low,Weekday,83,38.87,1632.65,251.44
427,48,15,2243,Suburban,Sunny,Truck,Medium,Weekday,85,46.81,2246.81,340.85
428,51,13,2110,Suburban,Sunny,Truck,High,Weekday,70,35.63,1817.12,328.75
429,37,14,2076,Highway,Rainy,Truck,High,Weekday,86,39.76,1471.15,235.47
430,56,13,2081,Urban,Sunny,Truck,High,Weekday,89,23.88,1337.07,227.14
431,56,18,2418,Highway,Rainy,Truck,High,Weekday,73,40.07,2243.8,311.42
432,31,12,2037,Highway,Sunny,Truck,Medium,Weekday,98,61.47,1905.46,313.97
433,50,18,2394,Suburban,Sunny,Truck,High,Weekday,81,37.7,1884.82,347.88
434,59,26,2844,Suburban,Snowy,Truck,Low,Weekend,86,35.22,2077.86,371.49
435,30,11,1962,Urban,Rainy,Truck,Medium,Weekend,85,26.42,792.62,133.53
436,57,12,2101,Suburban,Sunny,Truck,Medium,Weekend,98,45.3,2581.89,459.74
437,44,9,1953,Urban,Sunny,Truck,Low,Weekday,87,30.42,1338.49,247.74
438,30,7,1801,Urban,Sunny,Truck,High,Weekend,77,24.46,733.72,127.02
439,34,11,1954,Urban,Rainy,Truck,High,Weekend,71,20.43,694.53,142.26
440,57,12,2193,Suburban,Sunny,Truck,Medium,Weekday,86,45.68,2603.63,425.06
441,58,18,2454,Highway,Snowy,Truck,High,Weekday,71,37.4,2169.37,344.03
442,45,19,2544,Suburban,Rainy,Truck,Low,Weekday,82,39.92,1796.55,279.19
443,48,12,2023,Suburban,Sunny,Truck,Medium,Weekend,93,46.81,2246.65,391.39
444,33,16,2235,Highway,Rainy,Truck,Medium,Weekday,80,52.28,1725.19,251.98
445,32,7,1875,Urban,Sunny,Truck,Medium,Weekday,77,29.97,958.91,171.6
446,46,8,1770,Suburban,Sunny,Truck,High,Weekday,68,36.37,1673.09,295.3
447,46,17,2319,Urban,Snowy,Truck,High,Weekday,63,17.69,813.56,166.11
448,41,12,2073,Suburban,Sunny,Truck,High,Weekday,78,37.74,1547.38,262.66
449,57,27,2918,Suburban,Sunny,Truck,Medium,Weekday,98,45.75,2607.93,453.79
450,59,17,2358,Urban,Sunny,Truck,High,Weekday,71,22.91,1351.41,235.7
451,58,13,2131,Urban,Sunny,Truck,Low,Weekend,73,30.95,1795.32,313.63
452,43,17,2420,Suburban,Sunny,Truck,High,Weekday,88,36.44,1567.09,263.45
453,50,25,2763,Urban,Rainy,Truck,Medium,Weekday,71,24.37,1218.43,220.93
454,35,16,2209,Highway,Rainy,Truck,Low,Weekday,92,51.0,1785.01,264.93
455,32,9,1998,Highway,Rainy,Truck,Medium,Weekday,73,50.75,1623.84,230.93
456,57,24,2763,Urban,Sunny,Truck,Medium,Weekday,92,29.5,1681.39,316.11
457,38,13,2189,Suburban,Sunny,Truck,Medium,Weekday,86,44.72,1699.45,296.56
458,34,6,1701,Suburban,Sunny,Truck,Medium,Weekend,84,43.93,1493.69,261.22
459,53,24,2610,Urban,Sunny,Truck,Low,Weekend,78,30.44,1613.52,296.65
460,58,11,1995,Highway,Sunny,Truck,Low,Weekend,76,64.19,3723.11,569.9
461,46,26,2712,Highway,Sunny,Truck,Low,Weekday,79,63.09,2902.22,445.06
462,43,16,2380,Suburban,Sunny,Truck,Medium,Weekday,85,43.65,1876.98,340.69
463,50,10,1988,Highway,Sunny,Truck,Low,Weekend,81,61.86,3093.17,449.03
464,32,13,2144,Highway,Snowy,Truck,Medium,Weekday,89,45.41,1453.22,233.56
465,57,31,3093,Highway,Snowy,Truck,Medium,Weekday,69,43.08,2455.28,396.01
466,30,11,1917,Urban,Rainy,Truck,High,Weekday,74,19.68,590.42,111.28
467,49,20,2412,Suburban,Snowy,Truck,High,Weekday,75,25.85,1266.54,223.24
468,58,26,2823,Highway,Rainy,Truck,Medium,Weekday,66,52.59,3050.38,454.56
469,50,18,2304,Urban,Sunny,Truck,High,Weekend,87,24.61,1230.29,233.84
470,52,22,2528,Urban,Sunny,Truck,High,Weekday,74,24.61,1279.61,239.41
471,30,6,1632,Suburban,Rainy,Truck,High,Weekday,71,31.26,937.86,155.16
472,32,9,1814,Highway,Rainy,Truck,Medium,Weekend,81,51.86,1659.64,267.31
473,47,10,1995,Urban,Rainy,Truck,Low,Weekend,60,26.71,1255.53,249.7
474,54,32,3145,Urban,Rainy,Truck,Medium,Weekday,63,25.86,1396.59,240.34
475,39,22,2682,Suburban,Sunny,Truck,Medium,Weekday,75,42.92,1673.98,282.74
476,51,8,1891,Urban,Rainy,Truck,Medium,Weekend,81,25.81,1316.3,248.12
477,55,20,2482,Highway,Snowy,Truck,Medium,Weekend,81,46.25,2543.77,424.88
478,32,14,2139,Urban,Sunny,Truck,High,Weekday,85,24.0,768.03,142.28
479,37,8,1820,Suburban,Rainy,Truck,High,Weekend,91,30.16,1116.07,184.02
480,43,18,2413,Highway,Sunny,Truck,Medium,Weekday,74,58.66,2522.58,377.76
481,53,30,2921,Suburban,Rainy,Truck,Low,Weekday,79,40.74,2159.01,345.53
482,47,10,2057,Highway,Rainy,Truck,Low,Weekday,77,54.58,2565.38,415.49
483,44,16,2358,Urban,Sunny,Truck,High,Weekday,64,24.89,1095.17,213.38
484,51,12,2007,Urban,Rainy,Truck,Medium,Weekend,86,25.1,1280.0,223.17
485,52,29,3028,Suburban,Sunny,Truck,Medium,Weekday,99,46.21,2403.13,367.64
486,31,18,2473,Urban,Rainy,Truck,Medium,Weekday,82,25.66,795.35,158.85
487,56,32,3112,Suburban,Sunny,Truck,Medium,Weekday,89,46.72,2616.47,436.28
488,39,15,2269,Suburban,Rainy,Truck,Medium,Weekday,77,38.36,1495.9,264.43
489,31,16,2348,Urban,Sunny,Truck,Medium,Weekday,80,30.05,931.64,189.17
490,55,23,2673,Suburban,Rainy,Truck,High,Weekday,69,30.84,1696.11,292.91
491,46,12,1962,Suburban,Sunny,Truck,High,Weekday,79,36.9,1697.29,304.59
492,37,15,2221,Highway,Rainy,Truck,High,Weekend,83,42.7,1579.75,229.71
493,30,4,1564,Urban,Snowy,Truck,High,Weekday,67,17.23,516.97,95.09
494,38,16,2211,Suburban,Snowy,Truck,Medium,Weekday,83,32.24,1225.23,219.87
495,40,8,1911,Highway,Rainy,Truck,Medium,Weekend,85,53.23,2129.26,357.73
496,51,9,1815,Suburban,Rainy,Truck,High,Weekday,68,30.69,1565.26,245.73
497,45,8,1843,Suburban,Sunny,Truck,High,Weekday,91,36.41,1638.61,292.01
498,36,13,2151,Highway,Sunny,Truck,Low,Weekend,89,62.89,2264.01,335.9
499,58,19,2498,Urban,Sunny,Truck,Medium,Weekday,74,28.78,1669.3,319.55
500,39,19,2475,Urban,Rainy,Truck,Low,Weekday,78,27.49,1072.22,195.22
501,52,11,2085,Urban,Snowy,Truck,Medium,Weekday,69,23.06,1198.93,230.52
502,55,17,2295,Highway,Sunny,Truck,Medium,Weekday,95,58.87,3237.86,534.76
503,32,10,1937,Highway,Snowy,Truck,Medium,Weekend,90,44.13,1412.1,226.5
504,47,24,2734,Urban,Rainy,Truck,Low,Weekday,84,27.68,1300.94,256.95
505,54,13,2160,Suburban,Rainy,Truck,Medium,Weekend,75,36.61,1977.17,334.34
506,53,18,2371,Suburban,Sunny,Truck,High,Weekend,77,37.37,1980.71,319.99
507,42,23,2699,Urban,Sunny,Truck,Medium,Weekday,83,29.27,1229.34,238.94
508,57,25,2738,Highway,Sunny,Truck,Medium,Weekday,91,60.56,3451.8,579.56
509,55,16,2221,Urban,Rainy,Truck,Medium,Weekday,64,26.61,1463.65,270.02
510,36,5,1656,Highway,Sunny,Truck,High,Weekday,91,48.85,1758.78,260.96
511,54,29,2878,Suburban,Sunny,Truck,Low,Weekday,89,46.85,2529.67,385.89
512,33,4,1540,Suburban,Rainy,Truck,High,Weekend,80,31.18,1028.94,168.48
513,42,18,2295,Suburban,Rainy,Truck,Medium,Weekend,78,37.65,1581.44,265.1
514,49,16,2185,Suburban,Snowy,Truck,High,Weekday,71,26.4,1293.53,212.47
515,30,13,2186,Highway,Sunny,Truck,High,Weekday,62,50.38,1511.52,210.96
516,37,15,2138,Suburban,Sunny,Truck,Medium,Weekend,87,46.13,1706.76,266.93
517,43,25,2699,Urban,Rainy,Truck,Low,Weekday,65,27.16,1167.99,224.23
518,45,12,2019,Suburban,Sunny,Truck,Medium,Weekend,80,44.35,1995.7,351.06
519,43,21,2600,Highway,Sunny,Truck,Medium,Weekday,91,57.29,2463.68,391.89
520,41,14,2187,Suburban,Sunny,Truck,Low,Weekday,77,45.03,1846.4,307.46
521,48,14,2108,Suburban,Sunny,Truck,Low,Weekend,70,47.51,2280.29,362.36
522,52,23,2571,Highway,Sunny,Truck,Medium,Weekday,96,61.57,3201.75,484.8
523,44,19,2493,Urban,Sunny,Truck,Low,Weekend,91,31.62,1391.18,282.0
524,57,26,2892,Suburban,Sunny,Truck,Low,Weekend,81,48.86,2785.03,444.3
525,31,15,2338,Urban,Sunny,Truck,Medium,Weekday,71,28.6,886.61,154.72
526,31,11,2046,Highway,Rainy,Truck,Low,Weekday,82,52.84,1637.93,259.08
527,52,15,2279,Highway,Sunny,Truck,Medium,Weekend,76,58.42,3037.97,445.67
528,51,20,2386,Highway,Rainy,Truck,Medium,Weekend,83,50.73,2587.29,397.85
529,48,14,2290,Suburban,Sunny,Truck,Medium,Weekday,86,43.08,2067.63,319.72
530,54,10,1950,Urban,Sunny,Truck,High,Weekend,83,25.09,1354.86,234.69
531,55,18,2318,Highway,Rainy,Truck,Medium,Weekday,92,49.59,2727.37,411.15
532,59,18,2322,Urban,Sunny,Truck,Medium,Weekday,92,31.27,1844.75,329.02
533,58,14,2210,Urban,Sunny,Truck,Medium,Weekend,83,29.78,1727.11,297.06
534,51,11,1916,Highway,Sunny,Truck,High,Weekday,85,50.33,2566.86,389.25
535,55,8,1789,Urban,Snowy,Truck,High,Weekend,67,18.1,995.35,191.48
536,55,8,1851,Urban,Sunny,Truck,High,Weekday,86,25.03,1376.87,242.66
537,51,30,3010,Urban,Sunny,Truck,Medium,Weekday,94,28.52,1454.32,285.29
538,46,17,2274,Suburban,Rainy,Truck,Low,Weekday,93,41.16,1893.34,322.75
539,49,17,2377,Highway,Sunny,Truck,Medium,Weekday,72,62.42,3058.5,431.82
540,39,18,2410,Urban,Sunny,Truck,Low,Weekday,96,30.37,1184.24,209.88
541,35,8,1831,Urban,Sunny,Truck,High,Weekday,68,23.03,806.07,152.2
542,44,25,2755,Urban,Rainy,Truck,Medium,Weekday,79,25.31,1113.54,218.69
543,51,20,2596,Urban,Sunny,Truck,High,Weekday,66,25.04,1277.08,243.51
544,40,9,1993,Urban,Sunny,Truck,Medium,Weekday,86,30.13,1205.09,233.24
545,57,16,2223,Suburban,Sunny,Truck,High,Weekend,75,36.1,2057.63,366.69
546,34,18,2428,Urban,Rainy,Truck,Medium,Weekday,70,24.58,835.89,147.61
547,30,17,2357,Urban,Sunny,Truck,Low,Weekday,99,29.93,897.82,174.94
548,37,14,2104,Suburban,Snowy,Truck,Medium,Weekday,81,34.8,1287.48,216.56
549,50,22,2502,Urban,Sunny,Truck,Medium,Weekday,96,28.76,1438.14,272.54
550,57,15,2342,Highway,Snowy,Truck,Medium,Weekday,68,45.6,2599.33,359.21
551,41,19,2457,Highway,Snowy,Truck,High,Weekday,64,37.49,1537.2,238.09
552,41,11,2053,Highway,Sunny,Truck,Low,Weekday,89,61.16,2507.74,414.81
553,34,15,2171,Suburban,Sunny,Truck,Medium,Weekend,87,45.74,1555.29,282.38
554,36,12,2074,Suburban,Sunny,Truck,Medium,Weekend,82,43.1,1551.75,254.01
555,33,14,2197,Suburban,Sunny,Truck,Medium,Weekday,81,45.47,1500.41,245.2
556,35,11,1898,Urban,Rainy,Truck,High,Weekday,82,19.71,690.0,129.89
557,42,9,1933,Urban,Sunny,Truck,High,Weekday,86,24.57,1031.78,193.71
558,49,10,1959,Highway,Sunny,Truck,High,Weekday,87,47.05,2305.25,383.49
559,59,13,2065,Urban,Sunny,Truck,High,Weekday,83,23.91,1410.82,260.4
560,44,9,1938,Urban,Snowy,Truck,High,Weekday,76,18.18,799.87,147.98
561,32,16,2265,Suburban,Sunny,Truck,Medium,Weekday,73,43.52,1392.66,249.61
562,52,13,2176,Highway,Sunny,Truck,High,Weekday,79,49.16,2556.31,420.65
563,37,8,1911,Urban,Sunny,Truck,Medium,Weekday,79,29.41,1088.09,217.9
564,49,28,2812,Urban,Snowy,Truck,Medium,Weekday,72,22.87,1120.4,225.47
565,45,24,2736,Urban,Rainy,Truck,Low,Weekday,65,25.86,1163.7,210.87
566,42,18,2441,Urban,Sunny,Truck,High,Weekday,63,24.45,1026.96,202.47
567,47,22,2596,Suburban,Sunny,Truck,High,Weekday,83,34.66,1629.09,285.72
568,57,15,2239,Highway,Sunny,Truck,Medium,Weekday,78,59.55,3394.47,550.24
569,39,10,1896,Suburban,Sunny,Truck,High,Weekday,92,35.09,1368.51,208.95
570,59,23,2612,Urban,Snowy,Truck,High,Weekday,78,18.45,1088.38,188.2
571,48,22,2511,Suburban,Rainy,Truck,Low,Weekday,61,39.21,1881.93,331.52
572,46,12,2013,Suburban,Sunny,Truck,Medium,Weekday,73,46.72,2149.02,370.96
573,53,21,2583,Urban,Rainy,Truck,High,Weekday,66,21.2,1123.56,220.88
574,48,13,2211,Highway,Sunny,Truck,Medium,Weekday,86,58.18,2792.58,423.81
575,57,16,2380,Suburban,Rainy,Truck,Medium,Weekday,72,38.69,2205.07,406.57
576,55,22,2620,Urban,Rainy,Truck,Low,Weekday,65,25.67,1411.91,252.8
577,52,22,2519,Suburban,Sunny,Truck,Medium,Weekday,91,44.51,2314.62,383.99
578,55,18,2361,Highway,Rainy,Truck,High,Weekend,68,41.67,2291.87,321.61
579,34,8,1943,Urban,Sunny,Truck,Medium,Weekday,90,30.48,1036.26,205.71
580,55,24,2672,Suburban,Sunny,Truck,High,Weekday,64,36.45,2004.69,314.96
581,50,12,1984,Suburban,Sunny,Truck,High,Weekend,82,35.22,1760.86,277.28
582,59,11,1980,Urban,Sunny,Truck,High,Weekend,59,23.71,1398.73,279.89
583,52,28,2985,Suburban,Rainy,Truck,Medium,Weekday,76,36.73,1910.03,324.93
584,38,22,2631,Urban,Snowy,Truck,Low,Weekday,81,24.14,917.41,181.89
585,41,22,2610,Highway,Rainy,Truck,Medium,Weekday,77,51.02,2091.81,333.29
586,50,26,2824,Urban,Rainy,Truck,Low,Weekday,75,27.33,1366.7,265.67
587,30,10,1962,Urban,Rainy,Truck,High,Weekday,72,19.89,596.64,109.26
588,55,23,2569,Suburban,Sunny,Truck,Medium,Weekday,75,44.21,2431.55,412.57
589,55,12,2137,Urban,Sunny,Truck,Medium,Weekday,85,29.5,1622.65,275.79
590,30,8,1730,Highway,Sunny,Truck,Medium,Weekend,77,57.15,1714.63,280.77
591,44,12,2072,Highway,Rainy,Truck,High,Weekend,75,40.15,1766.66,244.51
592,31,7,1697,Urban,Snowy,Truck,High,Weekday,79,18.55,574.92,112.53
593,59,28,2853,Urban,Sunny,Truck,Medium,Weekday,89,31.19,1840.32,323.16
594,51,16,2251,Suburban,Rainy,Truck,High,Weekday,80,30.66,1563.44,269.25
595,45,8,1843,Urban,Rainy,Truck,Medium,Weekend,70,25.39,1142.39,227.82
596,54,15,2187,Suburban,Sunny,Truck,Medium,Weekday,76,42.89,2315.99,360.21
597,37,13,2180,Suburban,Sunny,Truck,High,Weekday,79,37.37,1382.51,239.58
598,42,9,1853,Urban,Sunny,Truck,Medium,Weekday,86,28.54,1198.64,215.14
599,50,21,2643,Suburban,Sunny,Truck,High,Weekday,71,37.6,1880.06,309.23
600,30,11,2006,Suburban,Sunny,Truck,Low,Weekday,82,47.2,1415.97,237.34
601,45,13,2179,Urban,Sunny,Truck,Low,Weekend,79,31.0,1395.09,258.57
602,58,20,2402,Highway,Sunny,Truck,High,Weekday,66,50.04,2902.1,420.2
603,36,19,2366,Urban,Sunny,Truck,Low,Weekday,83,30.0,1080.07,217.98
604,34,8,1861,Urban,Rainy,Truck,High,Weekday,84,20.57,699.25,125.28
605,51,19,2403,Suburban,Sunny,Truck,High,Weekday,64,36.18,1844.98,284.94
606,58,19,2342,Urban,Rainy,Truck,Low,Weekend,73,26.02,1509.36,306.63
607,52,12,1946,Suburban,Sunny,Truck,Medium,Weekend,73,44.68,2323.36,417.21
608,32,13,2026,Urban,Sunny,Truck,Low,Weekend,90,31.98,1023.35,181.64
609,41,16,2276,Highway,Snowy,Truck,Medium,Weekend,68,46.02,1886.91,289.53
610,55,25,2835,Suburban,Sunny,Truck,Low,Weekday,89,44.89,2469.0,419.59
611,45,24,2654,Urban,Sunny,Truck,Medium,Weekday,93,31.31,1408.98,281.35
612,48,26,2831,Urban,Rainy,Truck,Medium,Weekday,85,24.64,1182.94,218.77
613,34,12,2087,Urban,Sunny,Truck,Medium,Weekend,94,29.2,992.83,198.7
614,51,21,2495,Highway,Sunny,Truck,High,Weekday,62,46.86,2390.1,363.84
615,54,20,2529,Urban,Sunny,Truck,High,Weekday,74,22.89,1236.1,217.44
616,58,21,2616,Urban,Sunny,Truck,High,Weekend,75,23.1,1339.53,260.66
617,43,19,2431,Urban,Sunny,Truck,Medium,Weekday,98,31.46,1352.74,251.47
618,57,22,2651,Suburban,Sunny,Truck,High,Weekday,94,35.33,2014.08,305.61
619,34,8,1958,Urban,Rainy,Truck,Medium,Weekday,63,24.52,833.65,148.82
620,44,19,2508,Highway,Rainy,Truck,High,Weekday,65,39.2,1724.65,244.61
621,46,20,2438,Urban,Rainy,Truck,High,Weekday,67,20.85,958.99,180.67
622,59,9,1931,Suburban,Rainy,Truck,Medium,Weekend,84,39.61,2336.77,369.66
623,43,22,2548,Highway,Rainy,Truck,Medium,Weekday,86,49.76,2139.7,357.01
624,59,11,1945,Highway,Sunny,Truck,High,Weekend,67,45.7,2696.32,441.86
625,49,12,2078,Highway,Rainy,Truck,High,Weekday,66,39.67,1943.84,313.12
626,34,12,2114,Highway,Rainy,Truck,High,Weekday,74,38.99,1325.68,204.88
627,41,8,1845,Suburban,Rainy,Truck,Medium,Weekend,63,36.73,1506.05,234.77
628,45,23,2658,Suburban,Sunny,Truck,Medium,Weekday,73,44.69,2011.13,345.82
629,55,29,2925,Urban,Sunny,Truck,Low,Weekday,73,30.65,1685.71,302.8
630,55,17,2276,Urban,Sunny,Truck,High,Weekend,86,24.04,1322.1,235.0
631,45,9,1907,Urban,Rainy,Truck,Low,Weekday,86,26.11,1175.17,213.94
632,50,12,2039,Suburban,Sunny,Truck,High,Weekday,73,37.59,1879.3,322.42
633,36,16,2358,Suburban,Rainy,Truck,Low,Weekday,85,41.79,1504.54,246.95
634,33,19,2449,Urban,Sunny,Truck,Low,Weekday,88,31.71,1046.44,200.1
635,30,13,2241,Suburban,Sunny,Truck,Medium,Weekday,79,44.34,1330.35,241.85
636,59,13,2041,Suburban,Sunny,Truck,High,Weekday,61,35.57,2098.76,318.41
637,59,20,2587,Urban,Sunny,Truck,Low,Weekend,76,31.22,1842.12,368.62
638,34,11,2044,Highway,Sunny,Truck,Medium,Weekend,93,61.37,2086.43,345.69
639,52,26,2793,Urban,Sunny,Truck,Medium,Weekday,85,29.85,1552.46,267.26
640,55,13,2232,Suburban,Snowy,Truck,Medium,Weekday,56,34.95,1922.47,333.63
641,39,19,2462,Suburban,Sunny,Truck,Low,Weekday,81,49.35,1924.59,311.4
642,51,16,2368,Suburban,Sunny,Truck,High,Weekday,58,35.41,1805.88,311.64
643,34,19,2495,Suburban,Rainy,Truck,Medium,Weekday,65,38.48,1308.39,222.9
644,33,8,1810,Urban,Rainy,Truck,Low,Weekend,66,25.69,847.8,164.84
645,31,11,1993,Suburban,Rainy,Truck,High,Weekend,92,29.68,920.19,158.33
646,49,22,2620,Suburban,Sunny,Truck,High,Weekday,88,35.69,1748.74,296.76
647,39,9,1896,Urban,Rainy,Truck,Medium,Weekday,71,24.75,965.28,171.21
648,55,31,3006,Urban,Rainy,Truck,Medium,Weekday,62,26.46,1455.31,268.88
649,48,17,2355,Suburban,Sunny,Truck,High,Weekday,63,34.77,1668.95,255.49
650,55,9,1839,Highway,Sunny,Truck,High,Weekday,77,47.79,2628.29,438.39
651,30,7,1809,Suburban,Sunny,Truck,High,Weekend,86,36.38,1091.42,181.79
652,53,25,2794,Highway,Sunny,Truck,Medium,Weekday,80,61.15,3241.01,482.93
653,34,5,1752,Urban,Rainy,Truck,Medium,Weekend,66,25.2,856.86,146.38
654,42,14,2072,Suburban,Sunny,Truck,High,Weekday,66,37.33,1567.81,287.2
655,33,11,2097,Highway,Snowy,Truck,Low,Weekday,65,47.57,1569.9,234.42
656,45,20,2446,Highway,Sunny,Truck,Medium,Weekday,80,59.64,2683.67,379.76
657,53,8,1882,Urban,Sunny,Truck,High,Weekday,93,22.96,1216.95,237.63
658,45,24,2797,Suburban,Sunny,Truck,Medium,Weekday,71,44.84,2017.85,312.77
659,52,30,2946,Highway,Sunny,Truck,Medium,Weekday,98,61.92,3220.07,539.81
660,31,14,2139,Suburban,Rainy,Truck,Medium,Weekend,79,38.69,1199.33,191.01
661,46,22,2623,Highway,Rainy,Truck,Low,Weekday,69,55.33,2545.12,354.88
662,57,14,2174,Suburban,Sunny,Truck,Medium,Weekday,82,44.97,2563.46,414.22
663,56,22,2611,Suburban,Sunny,Truck,High,Weekend,61,34.63,1939.08,327.17
664,49,8,1832,Urban,Sunny,Truck,Medium,Weekend,86,28.54,1398.51,284.92
665,53,8,1835,Urban,Rainy,Truck,Low,Weekend,78,26.25,1391.15,237.65
666,41,10,1973,Urban,Sunny,Truck,High,Weekday,70,24.48,1003.48,186.94
667,47,14,2131,Urban,Sunny,Truck,Medium,Weekend,97,30.87,1450.93,296.63
668,32,16,2260,Highway,Rainy,Truck,Medium,Weekday,80,49.96,1598.67,233.36
669,57,20,2553,Highway,Snowy,Truck,High,Weekday,71,35.98,2051.11,311.91
670,30,8,1799,Highway,Sunny,Truck,High,Weekday,63,47.62,1428.64,234.04
671,30,9,1852,Urban,Sunny,Truck,Medium,Weekday,77,29.73,891.95,175.19
672,58,27,2885,Highway,Rainy,Truck,High,Weekday,74,39.7,2302.83,382.2
673,48,17,2362,Urban,Rainy,Truck,Low,Weekday,67,25.8,1238.47,225.99
674,40,12,2018,Suburban,Sunny,Truck,High,Weekday,58,34.91,1396.32,227.18
675,34,9,1967,Urban,Snowy,Truck,Medium,Weekday,64,21.5,730.98,135.21
676,41,16,2382,Urban,Rainy,Truck,High,Weekday,91,19.78,811.15,141.25
677,32,12,2007,Urban,Sunny,Truck,Medium,Weekend,80,28.53,912.88,157.67
678,30,6,1717,Suburban,Sunny,Truck,Medium,Weekend,93,45.57,1367.18,222.71
679,30,6,1750,Suburban,Sunny,Truck,Medium,Weekday,75,44.17,1325.21,244.72
680,37,13,2156,Suburban,Rainy,Truck,Medium,Weekend,90,40.06,1482.21,237.75
681,39,14,2222,Suburban,Sunny,Truck,High,Weekday,82,34.9,1361.0,230.62
682,40,12,2034,Highway,Rainy,Truck,Medium,Weekday,70,50.21,2008.55,300.39
683,41,23,2595,Suburban,Rainy,Truck,Medium,Weekday,85,37.71,1545.96,250.2
684,58,15,2303,Suburban,Sunny,Truck,Medium,Weekday,76,42.79,2481.71,426.39
685,42,12,1996,Highway,Rainy,Truck,Medium,Weekend,80,52.73,2214.66,309.72
686,41,18,2377,Suburban,Snowy,Truck,High,Weekday,62,25.74,1055.19,189.76
687,43,12,1991,Highway,Sunny,Truck,High,Weekday,71,50.11,2154.85,315.66
688,31,14,2264,Urban,Sunny,Truck,Medium,Weekday,98,31.18,966.46,198.67
689,58,16,2203,Highway,Sunny,Truck,High,Weekday,67,48.17,2793.89,390.18
690,48,11,2023,Urban,Rainy,Truck,High,Weekend,63,20.49,983.47,197.42
691,47,21,2540,Suburban,Snowy,Truck,Medium,Weekend,65,34.27,1610.64,292.11
692,32,11,2141,Urban,Sunny,Truck,Medium,Weekday,88,29.66,949.16,181.84
693,52,22,2523,Urban,Rainy,Truck,High,Weekend,60,20.7,1076.42,204.51
694,46,13,2149,Urban,Sunny,Truck,Medium,Weekday,95,28.63,1317.18,258.7
695,55,12,1997,Suburban,Sunny,Truck,High,Weekend,68,34.39,1891.7,310.01
696,37,7,1839,Highway,Sunny,Truck,Medium,Weekday,86,59.74,2210.51,338.79
697,58,26,2703,Urban,Sunny,Truck,Medium,Weekday,94,30.15,1748.63,357.09
698,55,19,2475,Suburban,Sunny,Truck,Medium,Weekday,74,46.75,2570.98,444.53
699,39,21,2488,Suburban,Sunny,Truck,Medium,Weekday,98,43.22,1685.62,264.51
700,55,16,2350,Urban,Sunny,Truck,High,Weekday,89,24.77,1362.59,243.11
701,59,34,3228,Suburban,Snowy,Truck,Medium,Weekday,94,32.77,1933.51,308.38
702,31,8,1823,Suburban,Sunny,Truck,Medium,Weekday,76,44.52,1380.22,221.27
703,48,20,2480,Suburban,Sunny,Truck,High,Weekend,73,35.34,1696.31,293.83
704,38,19,2449,Urban,Sunny,Truck,Medium,Weekday,94,29.7,1128.62,227.19
705,36,18,2369,Highway,Rainy,Truck,Medium,Weekday,65,49.22,1771.83,281.26
706,33,13,2061,Highway,Sunny,Truck,High,Weekday,57,48.02,1584.57,225.15
707,55,21,2637,Highway,Sunny,Truck,High,Weekend,76,49.45,2719.63,375.94
708,50,22,2673,Urban,Snowy,Truck,Low,Weekday,66,23.49,1174.34,217.74
709,47,8,1808,Highway,Sunny,Truck,Medium,Weekend,87,59.94,2817.35,473.28
710,42,6,1716,Urban,Sunny,Truck,Medium,Weekend,79,31.05,1303.94,260.2
711,40,22,2687,Urban,Rainy,Truck,Medium,Weekday,88,26.03,1041.02,199.89
712,58,25,2706,Highway,Sunny,Truck,Medium,Weekday,80,59.94,3476.68,518.62
713,53,27,2780,Suburban,Sunny,Truck,Medium,Weekday,70,43.91,2327.21,423.89
714,33,12,2083,Urban,Sunny,Truck,Low,Weekday,70,32.71,1079.51,183.63
715,54,10,1980,Highway,Sunny,Truck,Medium,Weekend,82,60.46,3264.95,508.41
716,50,9,1831,Suburban,Sunny,Truck,Low,Weekend,74,45.93,2296.62,353.59
717,58,27,2907,Highway,Sunny,Truck,Medium,Weekday,89,58.61,3399.65,487.73
718,54,16,2295,Suburban,Sunny,Truck,High,Weekday,57,37.09,2002.93,317.6
719,33,7,1761,Suburban,Sunny,Truck,High,Weekend,82,34.36,1133.84,185.02
720,39,15,2255,Urban,Rainy,Truck,Medium,Weekday,65,26.75,1043.44,188.45
721,34,7,1907,Suburban,Sunny,Truck,Low,Weekday,87,45.5,1547.12,250.93
722,38,16,2285,Urban,Sunny,Truck,Medium,Weekday,78,30.89,1173.75,211.91
723,53,16,2334,Urban,Rainy,Truck,Medium,Weekday,72,25.23,1337.28,245.01
724,32,12,2125,Highway,Rainy,Truck,Medium,Weekend,83,50.96,1630.73,225.17
725,46,14,2282,Highway,Sunny,Truck,Medium,Weekday,86,62.28,2865.06,414.83
726,32,12,2013,Suburban,Snowy,Truck,Medium,Weekday,82,33.46,1070.59,169.07
727,45,7,1772,Urban,Sunny,Truck,High,Weekend,77,24.09,1084.05,186.83
728,33,7,1887,Urban,Sunny,Truck,Medium,Weekday,98,28.65,945.38,185.63
729,47,12,2051,Urban,Rainy,Truck,Medium,Weekend,68,24.23,1138.86,230.05
730,46,14,2198,Urban,Sunny,Truck,High,Weekday,68,23.39,1075.83,199.91
731,36,15,2331,Highway,Sunny,Truck,Medium,Weekday,95,61.08,2199.01,332.25
732,53,12,2074,Urban,Sunny,Truck,Low,Weekend,90,30.31,1606.27,279.08
733,52,24,2669,Suburban,Sunny,Truck,Medium,Weekday,86,43.26,2249.62,379.2
734,59,32,3043,Highway,Sunny,Truck,Medium,Weekday,91,59.47,3508.48,524.16
735,34,13,2089,Highway,Snowy,Truck,High,Weekday,93,36.53,1242.1,187.18
736,41,8,1844,Highway,Sunny,Truck,Medium,Weekday,94,61.27,2512.17,419.36
737,46,18,2483,Urban,Rainy,Truck,Medium,Weekday,57,24.68,1135.28,205.5
738,52,9,1895,Suburban,Sunny,Truck,Medium,Weekend,92,43.11,2241.62,350.6
739,42,9,1874,Highway,Rainy,Truck,Low,Weekend,77,55.91,2348.15,381.94
740,52,24,2682,Highway,Rainy,Truck,High,Weekend,61,39.82,2070.82,307.95
741,54,10,1940,Urban,Rainy,Truck,High,Weekday,59,21.12,1140.52,207.33
742,32,12,2184,Suburban,Sunny,Truck,Medium,Weekday,73,46.64,1492.34,266.63
743,38,16,2220,Urban,Sunny,Truck,Medium,Weekday,75,30.82,1171.07,234.53
744,59,22,2695,Urban,Sunny,Truck,Medium,Weekend,89,29.01,1711.38,289.16
745,46,15,2274,Suburban,Rainy,Truck,High,Weekday,78,31.58,1452.9,247.41
746,46,9,2010,Urban,Rainy,Truck,Low,Weekday,71,27.5,1264.81,247.73
747,59,15,2120,Suburban,Sunny,Truck,Low,Weekend,91,47.71,2814.71,502.13
748,49,19,2419,Suburban,Sunny,Truck,Medium,Weekday,74,44.27,2169.1,349.79
749,45,10,2026,Highway,Sunny,Truck,Medium,Weekday,92,58.58,2635.88,390.82
750,54,14,2197,Highway,Rainy,Truck,Medium,Weekend,87,49.07,2649.87,390.29
751,51,8,1853,Highway,Sunny,Truck,Low,Weekend,95,63.06,3216.13,531.05
752,42,9,1997,Urban,Rainy,Truck,Medium,Weekday,80,25.72,1080.13,185.43
753,56,20,2542,Suburban,Snowy,Truck,Medium,Weekday,70,33.28,1863.42,317.6
754,48,9,1957,Urban,Sunny,Truck,Medium,Weekend,89,29.93,1436.45,276.32
755,46,15,2293,Highway,Sunny,Truck,High,Weekday,64,47.34,2177.86,332.48
756,33,15,2298,Suburban,Sunny,Truck,Low,Weekday,83,47.92,1581.24,269.46
757,41,21,2619,Urban,Sunny,Truck,Medium,Weekday,93,31.2,1279.35,220.86
758,58,16,2353,Highway,Sunny,Truck,Medium,Weekday,73,57.98,3363.04,469.26
759,38,10,2019,Urban,Sunny,Truck,Medium,Weekday,86,29.64,1126.48,217.14
760,48,11,2077,Urban,Rainy,Truck,Medium,Weekday,76,24.58,1180.04,203.7
761,41,14,2196,Suburban,Sunny,Truck,High,Weekday,76,36.45,1494.44,235.8
762,38,18,2356,Highway,Sunny,Truck,Low,Weekday,85,64.44,2448.79,341.6
763,36,5,1722,Highway,Snowy,Truck,High,Weekend,72,37.55,1351.98,215.82
764,57,25,2751,Urban,Rainy,Truck,Medium,Weekend,80,24.94,1421.36,259.22
765,43,7,1683,Highway,Sunny,Truck,Medium,Weekend,93,62.7,2696.15,427.8
766,49,20,2481,Urban,Sunny,Truck,Medium,Weekday,89,28.69,1405.8,244.49
767,48,23,2618,Urban,Sunny,Truck,Medium,Weekday,98,30.31,1454.83,298.99
768,55,24,2727,Urban,Rainy,Truck,High,Weekday,85,19.5,1072.31,196.03
769,44,16,2282,Suburban,Rainy,Truck,High,Weekend,66,31.8,1399.42,240.99
770,45,18,2442,Urban,Rainy,Truck,High,Weekday,85,20.46,920.74,176.78
771,50,12,2023,Highway,Sunny,Truck,High,Weekday,63,48.81,2440.64,359.38
772,34,13,2156,Urban,Rainy,Truck,High,Weekend,80,21.08,716.6,123.99
773,32,7,1864,Suburban,Sunny,Truck,Medium,Weekday,88,43.43,1389.64,226.66
774,41,22,2588,Suburban,Sunny,Truck,Medium,Weekday,70,42.92,1759.87,273.96
775,54,17,2325,Highway,Sunny,Truck,Medium,Weekend,71,62.27,3362.76,534.68
776,49,20,2499,Suburban,Sunny,Truck,Low,Weekend,84,46.38,2272.4,377.26
777,56,16,2330,Urban,Sunny,Truck,High,Weekday,86,23.11,1294.13,242.05
778,50,17,2419,Highway,Rainy,Truck,Medium,Weekend,89,50.84,2541.96,426.83
779,33,13,2218,Highway,Snowy,Truck,Low,Weekday,74,47.71,1574.58,235.89
780,50,19,2484,Highway,Sunny,Truck,Low,Weekend,87,60.05,3002.26,440.65
781,52,12,2177,Suburban,Sunny,Truck,Medium,Weekday,91,43.99,2287.33,374.34
782,45,10,2016,Highway,Sunny,Truck,Medium,Weekday,83,57.2,2573.86,372.38
783,54,16,2395,Highway,Sunny,Truck,Medium,Weekday,86,59.52,3214.19,480.15
784,36,7,1778,Suburban,Sunny,Truck,Medium,Weekend,96,46.78,1684.01,307.29
785,42,23,2620,Urban,Snowy,Truck,Medium,Weekday,77,23.59,990.61,198.69
786,50,14,2185,Highway,Sunny,Truck,Medium,Weekday,70,60.82,3041.11,452.05
787,39,23,2582,Highway,Sunny,Truck,Medium,Weekday,74,57.97,2260.82,358.69
788,55,14,2142,Highway,Sunny,Truck,Low,Weekend,95,65.56,3605.63,596.45
789,36,9,2001,Highway,Rainy,Truck,Medium,Weekday,68,51.08,1838.98,282.61
790,43,22,2560,Urban,Rainy,Truck,Medium,Weekday,91,24.62,1058.53,193.92
791,55,25,2710,Highway,Snowy,Truck,Low,Weekday,83,49.24,2708.35,424.91
792,34,13,2147,Highway,Rainy,Truck,Medium,Weekday,72,52.31,1778.65,258.11
793,32,13,2077,Suburban,Sunny,Truck,Low,Weekday,93,48.34,1547.03,250.63
794,52,25,2835,Urban,Sunny,Truck,Medium,Weekday,72,30.63,1592.63,305.13
795,58,16,2242,Urban,Rainy,Truck,Medium,Weekday,76,24.74,1434.68,252.8
796,40,23,2718,Urban,Sunny,Truck,Medium,Weekday,88,29.13,1165.32,209.57
797,40,18,2444,Urban,Sunny,Truck,High,Weekend,80,24.45,978.08,176.28
798,47,21,2535,Urban,Sunny,Truck,Medium,Weekday,99,29.16,1370.48,251.11
799,44,9,1958,Urban,Sunny,Truck,High,Weekday,65,23.85,1049.52,215.41
800,41,15,2129,Urban,Sunny,Truck,Medium,Weekend,85,30.85,1264.69,225.34
801,38,8,1897,Suburban,Sunny,Truck,Medium,Weekday,83,46.28,1758.56,300.54
802,39,6,1797,Highway,Rainy,Truck,Medium,Weekend,69,50.76,1979.7,275.56
803,55,16,2397,Suburban,Sunny,Truck,Medium,Weekday,97,46.31,2547.32,399.17
804,41,15,2247,Highway,Sunny,Truck,Medium,Weekday,81,62.03,2543.3,378.71
805,46,25,2714,Suburban,Sunny,Truck,Medium,Weekday,98,45.7,2102.04,368.61
806,58,22,2585,Urban,Sunny,Truck,Low,Weekend,80,30.64,1777.38,349.88
807,35,17,2334,Suburban,Sunny,Truck,Low,Weekday,86,46.18,1616.38,278.28
808,36,13,2054,Highway,Sunny,Truck,Medium,Weekday,77,58.89,2120.01,322.73
809,43,11,1890,Urban,Sunny,Truck,Medium,Weekend,86,28.85,1240.57,239.5
810,42,14,2121,Urban,Sunny,Truck,Medium,Weekday,90,29.32,1231.42,227.36
811,37,22,2611,Suburban,Sunny,Truck,Low,Weekday,94,45.88,1697.47,303.2
812,39,6,1670,Urban,Sunny,Truck,High,Weekday,80,23.89,931.82,157.51
813,38,16,2218,Urban,Sunny,Truck,High,Weekend,79,24.98,949.25,190.74
814,47,16,2225,Urban,Sunny,Truck,High,Weekday,66,23.05,1083.39,184.67
815,56,21,2547,Urban,Sunny,Truck,Medium,Weekday,94,30.66,1717.01,293.67
816,55,20,2558,Urban,Rainy,Truck,High,Weekday,81,20.78,1143.01,210.6
817,31,9,1899,Highway,Sunny,Truck,High,Weekday,58,46.06,1427.85,207.03
818,34,14,2230,Suburban,Sunny,Truck,Medium,Weekend,79,46.9,1594.65,269.22
819,58,25,2811,Suburban,Sunny,Truck,Medium,Weekend,79,45.31,2627.87,426.88
820,34,9,1949,Suburban,Rainy,Truck,High,Weekend,72,30.18,1026.22,176.67
821,35,8,1786,Highway,Rainy,Truck,Medium,Weekend,92,52.31,1830.79,288.88
822,48,20,2475,Suburban,Rainy,Truck,Medium,Weekday,70,37.32,1791.45,293.98
823,37,20,2487,Suburban,Rainy,Truck,Low,Weekday,59,40.94,1514.77,252.56
824,45,9,1950,Urban,Sunny,Truck,Low,Weekend,93,30.05,1352.25,246.5
825,42,14,2103,Urban,Rainy,Truck,High,Weekday,72,21.09,885.88,171.36
826,30,13,2237,Urban,Sunny,Truck,Medium,Weekday,80,29.84,895.34,170.34
827,51,20,2437,Suburban,Sunny,Truck,Medium,Weekend,92,45.62,2326.37,422.92
828,49,12,2137,Urban,Sunny,Truck,Low,Weekday,92,30.62,1500.47,305.19
829,46,17,2338,Highway,Sunny,Truck,Medium,Weekend,96,61.06,2808.87,447.66
830,36,20,2591,Urban,Snowy,Truck,Medium,Weekday,89,23.11,832.05,168.43
831,54,14,2162,Suburban,Sunny,Truck,Medium,Weekday,94,44.88,2423.49,438.68
832,42,9,1843,Suburban,Rainy,Truck,High,Weekday,72,30.96,1300.33,203.96
833,33,19,2541,Suburban,Sunny,Truck,Low,Weekday,74,47.04,1552.44,285.03
834,33,6,1647,Urban,Sunny,Truck,Medium,Weekend,75,31.18,1029.02,184.69
835,35,18,2434,Highway,Sunny,Truck,Medium,Weekday,70,59.99,2099.55,333.27
836,57,22,2520,Highway,Sunny,Truck,Medium,Weekday,75,62.05,3536.9,498.83
837,48,11,1907,Highway,Rainy,Truck,High,Weekday,76,42.03,2017.42,306.59
838,58,24,2792,Highway,Sunny,Truck,High,Weekday,86,47.57,2759.08,434.96
839,41,12,2048,Urban,Sunny,Truck,High,Weekday,68,23.35,957.44,176.68
840,51,16,2220,Highway,Rainy,Truck,Low,Weekend,81,53.05,2705.4,419.82
841,36,12,2109,Urban,Sunny,Truck,Low,Weekday,94,32.53,1170.99,214.1
842,56,19,2443,Suburban,Snowy,Truck,Medium,Weekend,89,32.83,1838.52,332.02
843,39,8,1837,Urban,Sunny,Truck,Medium,Weekend,84,30.07,1172.86,197.56
844,55,15,2222,Suburban,Sunny,Truck,High,Weekday,84,37.1,2040.61,345.24
845,48,22,2590,Urban,Sunny,Truck,High,Weekday,63,23.65,1135.12,216.79
846,36,8,1813,Highway,Sunny,Truck,High,Weekend,78,48.68,1752.57,254.83
847,59,21,2556,Urban,Sunny,Truck,High,Weekday,85,23.39,1379.98,262.7
848,32,8,1721,Highway,Rainy,Truck,High,Weekday,74,39.21,1254.59,178.21
849,42,21,2604,Urban,Rainy,Truck,Medium,Weekday,61,26.25,1102.53,206.06
850,42,8,1821,Urban,Rainy,Truck,Medium,Weekend,85,24.48,1028.05,182.37
851,47,21,2625,Highway,Sunny,Truck,Medium,Weekend,75,58.63,2755.53,453.08
852,57,16,2256,Highway,Sunny,Truck,Low,Weekend,91,65.24,3718.52,526.94
853,59,17,2277,Urban,Sunny,Truck,Low,Weekday,72,31.02,1829.97,323.63
854,55,12,2025,Suburban,Sunny,Truck,Medium,Weekday,79,47.13,2592.08,458.45
855,49,10,1945,Suburban,Rainy,Truck,High,Weekday,56,32.07,1571.33,281.89
856,57,23,2740,Suburban,Sunny,Truck,Low,Weekday,97,46.16,2630.84,455.2
857,37,9,1858,Highway,Sunny,Truck,High,Weekday,69,45.8,1694.48,234.42
858,58,24,2746,Suburban,Sunny,Truck,High,Weekend,62,36.74,2130.82,373.29
859,38,11,2007,Suburban,Snowy,Truck,Medium,Weekend,86,33.58,1276.21,214.59
860,36,10,2099,Urban,Sunny,Truck,Low,Weekday,81,30.24,1088.73,222.53
861,30,13,2093,Suburban,Sunny,Truck,Low,Weekday,75,48.23,1446.92,246.21
862,32,12,2021,Urban,Sunny,Truck,High,Weekday,69,22.87,731.99,133.65
863,42,8,1791,Suburban,Sunny,Truck,High,Weekday,74,37.33,1567.97,239.61
864,57,12,1939,Suburban,Sunny,Truck,High,Weekend,73,34.7,1977.85,328.54
865,59,9,1949,Highway,Sunny,Truck,Medium,Weekend,87,57.76,3408.07,485.4
866,54,26,2879,Urban,Rainy,Truck,Low,Weekday,67,25.91,1398.96,256.65
867,57,26,2722,Suburban,Sunny,Truck,Low,Weekday,76,49.42,2817.21,517.02
868,46,13,2104,Highway,Rainy,Truck,High,Weekday,72,41.59,1913.05,300.99
869,54,29,2972,Urban,Snowy,Truck,Low,Weekday,64,24.34,1314.2,239.75
870,53,27,2927,Suburban,Rainy,Truck,Medium,Weekday,77,37.86,2006.5,306.77
871,30,13,2220,Urban,Sunny,Truck,Medium,Weekday,70,29.51,885.27,152.95
872,35,19,2496,Highway,Sunny,Truck,Low,Weekday,82,61.33,2146.45,343.9
873,50,11,2066,Urban,Rainy,Truck,Medium,Weekend,79,25.45,1272.53,249.63
874,35,8,1850,Highway,Rainy,Truck,Medium,Weekday,65,51.26,1794.25,289.14
875,55,16,2210,Urban,Sunny,Truck,Medium,Weekday,95,30.4,1671.74,285.46
876,41,9,1861,Highway,Rainy,Truck,Low,Weekday,82,52.25,2142.22,303.19
877,42,13,2090,Urban,Sunny,Truck,High,Weekday,79,25.08,1053.22,184.88
878,42,19,2346,Urban,Sunny,Truck,High,Weekday,67,23.21,974.71,184.46
879,58,12,2151,Suburban,Sunny,Truck,Medium,Weekday,92,47.1,2731.54,454.86
880,44,8,1746,Urban,Sunny,Truck,High,Weekday,86,22.84,1004.77,187.41
881,50,19,2513,Urban,Sunny,Truck,Medium,Weekday,78,29.94,1497.17,291.64
882,45,20,2460,Urban,Rainy,Truck,Medium,Weekend,69,25.08,1128.38,208.75
883,51,12,2043,Highway,Sunny,Truck,High,Weekday,85,47.76,2435.55,407.26
884,50,16,2208,Urban,Sunny,Truck,High,Weekend,64,24.17,1208.48,241.58
885,40,6,1742,Highway,Sunny,Truck,High,Weekday,61,47.69,1907.63,268.29
886,57,14,2146,Suburban,Sunny,Truck,Low,Weekday,84,46.85,2670.32,423.72
887,34,20,2542,Highway,Sunny,Truck,Low,Weekday,72,64.47,2191.85,337.3
888,33,15,2272,Urban,Rainy,Truck,High,Weekday,66,20.78,685.71,126.55
889,32,4,1622,Urban,Rainy,Truck,Medium,Weekend,70,26.35,843.19,160.32
890,48,21,2511,Urban,Rainy,Truck,Medium,Weekend,62,24.86,1193.39,210.85
891,49,17,2303,Highway,Rainy,Truck,High,Weekend,88,41.25,2021.1,289.76
892,54,23,2742,Urban,Sunny,Truck,High,Weekend,67,24.2,1307.04,229.94
893,47,13,2034,Urban,Sunny,Truck,High,Weekday,78,23.69,1113.31,197.38
894,44,17,2379,Suburban,Sunny,Truck,Medium,Weekday,82,44.94,1977.24,350.24
895,38,12,1940,Urban,Sunny,Truck,High,Weekday,83,23.55,895.02,171.29
896,46,16,2276,Urban,Snowy,Truck,Low,Weekend,86,22.78,1047.83,195.22
897,43,8,1872,Urban,Sunny,Truck,Low,Weekend,79,30.6,1315.73,252.19
898,44,9,1958,Urban,Sunny,Truck,Medium,Weekday,75,28.82,1267.93,223.41
899,30,7,1666,Urban,Rainy,Truck,Low,Weekend,78,27.27,817.96,156.83
900,50,24,2626,Urban,Snowy,Truck,Medium,Weekday,80,22.86,1143.08,228.19
901,51,14,2213,Highway,Rainy,Truck,Medium,Weekday,75,53.3,2718.2,420.34
902,51,23,2656,Highway,Sunny,Truck,Medium,Weekday,87,61.38,3130.28,432.75
903,32,18,2339,Highway,Sunny,Truck,Low,Weekday,76,60.18,1925.69,308.7
904,45,8,1854,Highway,Sunny,Truck,Medium,Weekend,84,62.31,2803.75,415.49
905,52,24,2728,Urban,Sunny,Truck,Medium,Weekday,87,31.09,1616.58,303.43
906,54,20,2407,Urban,Sunny,Truck,Medium,Weekday,87,29.83,1610.82,326.29
907,40,16,2295,Highway,Sunny,Truck,High,Weekday,79,48.41,1936.49,294.12
908,41,8,1898,Suburban,Snowy,Truck,High,Weekday,67,28.29,1159.7,185.77
909,39,18,2423,Highway,Sunny,Truck,Medium,Weekday,93,60.19,2347.56,354.75
910,45,19,2497,Suburban,Rainy,Truck,High,Weekday,60,31.84,1432.81,222.26
911,37,21,2556,Urban,Rainy,Truck,Low,Weekday,67,25.66,949.37,183.56
912,35,16,2300,Urban,Sunny,Truck,Medium,Weekday,89,29.07,1017.56,205.44
913,41,12,1982,Highway,Rainy,Truck,High,Weekday,57,40.56,1662.89,231.72
914,53,18,2472,Urban,Sunny,Truck,Medium,Weekend,80,30.25,1603.48,304.35
915,57,24,2753,Urban,Sunny,Truck,High,Weekday,82,24.76,1411.26,257.41
916,50,21,2468,Suburban,Rainy,Truck,Medium,Weekday,63,40.12,2005.88,315.87
917,37,5,1602,Urban,Sunny,Truck,High,Weekday,64,23.73,878.13,168.54
918,55,31,3086,Suburban,Snowy,Truck,Medium,Weekday,86,32.22,1772.24,283.13
919,57,27,2761,Highway,Sunny,Truck,Medium,Weekday,79,61.81,3523.0,575.77
920,33,12,2059,Suburban,Sunny,Truck,Medium,Weekend,74,45.47,1500.5,260.98
921,55,12,1975,Urban,Sunny,Truck,High,Weekend,66,23.28,1280.21,255.21
922,37,13,2131,Suburban,Sunny,Truck,Medium,Weekend,70,44.98,1664.14,261.1
923,55,15,2128,Highway,Sunny,Truck,High,Weekday,64,49.16,2703.97,433.75
924,57,26,2828,Urban,Rainy,Truck,Medium,Weekday,86,26.19,1492.8,264.93
925,47,8,1810,Urban,Rainy,Truck,Low,Weekend,65,26.77,1258.38,214.05
926,57,26,2808,Suburban,Rainy,Truck,Medium,Weekday,79,37.5,2137.78,354.33
927,57,34,3218,Urban,Sunny,Truck,Medium,Weekday,71,31.42,1791.01,329.03
928,34,5,1593,Suburban,Rainy,Truck,High,Weekend,82,31.1,1057.4,177.62
929,38,22,2657,Highway,Rainy,Truck,Medium,Weekday,83,50.53,1920.22,301.44
930,33,11,1962,Suburban,Rainy,Truck,Medium,Weekday,85,37.41,1234.54,206.76
931,56,30,3061,Suburban,Sunny,Truck,Medium,Weekday,92,46.04,2578.24,421.05
932,51,26,2703,Suburban,Rainy,Truck,Medium,Weekday,83,37.26,1900.46,288.68
933,46,15,2254,Urban,Rainy,Truck,High,Weekday,81,19.73,907.59,154.54
934,38,18,2401,Urban,Sunny,Truck,Medium,Weekday,73,30.09,1143.4,197.44
935,30,16,2258,Suburban,Rainy,Truck,Medium,Weekday,71,37.45,1123.4,173.71
936,50,14,2184,Highway,Sunny,Truck,High,Weekday,82,48.62,2430.94,370.71
937,49,12,2003,Urban,Sunny,Truck,High,Weekday,84,23.08,1131.07,203.06
938,42,15,2176,Urban,Sunny,Truck,Medium,Weekend,87,30.46,1279.52,219.6
939,57,29,2874,Suburban,Sunny,Truck,Medium,Weekday,70,44.02,2509.42,427.39
940,45,22,2630,Highway,Sunny,Truck,Medium,Weekday,99,57.0,2565.07,355.79
941,58,30,2996,Urban,Rainy,Truck,Medium,Weekday,91,24.55,1423.82,268.19
942,42,12,2110,Suburban,Sunny,Truck,High,Weekend,63,37.56,1577.56,257.72
943,43,22,2524,Highway,Rainy,Truck,Medium,Weekday,88,52.87,2273.56,330.61
944,32,7,1897,Suburban,Rainy,Truck,Medium,Weekday,74,37.23,1191.39,182.15
945,58,24,2761,Highway,Sunny,Truck,Medium,Weekday,73,61.67,3576.87,571.12
946,35,5,1712,Urban,Rainy,Truck,Medium,Weekend,64,25.78,902.19,159.23
947,47,15,2275,Highway,Snowy,Truck,Low,Weekday,74,49.48,2325.33,350.86
948,48,16,2332,Highway,Rainy,Truck,Low,Weekday,86,52.87,2537.91,403.2
949,34,12,2188,Suburban,Rainy,Truck,Medium,Weekday,87,38.94,1324.1,209.11
950,44,21,2458,Urban,Snowy,Truck,Low,Weekday,84,22.59,994.13,182.2
951,54,15,2218,Urban,Rainy,Truck,Low,Weekend,69,26.5,1430.85,256.71
952,31,8,1914,Highway,Sunny,Truck,Medium,Weekend,85,62.78,1946.27,305.72
953,39,11,2083,Urban,Rainy,Truck,Low,Weekday,84,26.88,1048.3,194.86
954,53,14,2123,Urban,Rainy,Truck,Low,Weekend,74,26.21,1388.97,251.32
955,59,17,2421,Urban,Sunny,Truck,Medium,Weekday,93,28.86,1702.79,321.44
956,47,10,2020,Urban,Sunny,Truck,Medium,Weekday,91,30.61,1438.7,283.53
957,56,24,2738,Suburban,Rainy,Truck,Medium,Weekday,89,38.8,2173.03,331.56
958,42,19,2543,Urban,Sunny,Truck,Low,Weekday,71,31.1,1306.32,241.36
959,34,12,2091,Urban,Snowy,Truck,High,Weekend,75,18.81,639.6,113.15
960,52,16,2256,Highway,Sunny,Truck,High,Weekday,61,45.71,2376.74,366.64
961,53,14,2166,Suburban,Sunny,Truck,High,Weekday,77,35.29,1870.55,321.06
962,30,16,2330,Urban,Sunny,Truck,Medium,Weekday,70,31.26,937.9,176.97
963,51,16,2227,Urban,Sunny,Truck,High,Weekday,75,23.57,1202.08,226.73
964,30,11,1979,Highway,Rainy,Truck,Medium,Weekday,73,49.74,1492.09,224.09
965,47,9,1870,Suburban,Snowy,Truck,Low,Weekday,75,35.56,1671.26,276.14
966,44,11,2029,Highway,Rainy,Truck,Medium,Weekend,63,52.65,2316.66,351.21
967,46,12,2150,Suburban,Sunny,Truck,High,Weekday,68,34.57,1590.28,285.93
968,40,14,2260,Urban,Sunny,Truck,Medium,Weekday,98,31.33,1253.16,232.25
969,50,16,2350,Highway,Rainy,Truck,Low,Weekend,64,55.13,2756.51,447.25
970,55,17,2411,Suburban,Snowy,Truck,High,Weekend,72,26.14,1437.67,258.98
971,54,18,2324,Urban,Sunny,Truck,High,Weekday,83,24.51,1323.48,225.57
972,51,20,2421,Suburban,Sunny,Truck,Low,Weekend,91,46.71,2382.03,388.84
973,56,29,2900,Suburban,Sunny,Truck,Medium,Weekday,76,44.56,2495.38,403.04
974,56,27,2924,Suburban,Rainy,Truck,Low,Weekday,72,41.3,2312.81,393.19
975,46,20,2502,Highway,Rainy,Truck,High,Weekday,90,42.69,1963.66,275.03
976,42,6,1671,Suburban,Sunny,Truck,Medium,Weekend,98,43.32,1819.44,295.1
977,30,8,1874,Urban,Sunny,Truck,Medium,Weekday,80,29.76,892.86,156.9
978,31,4,1695,Suburban,Rainy,Truck,High,Weekday,63,30.54,946.79,162.06
979,38,17,2272,Urban,Sunny,Truck,Medium,Weekday,89,29.63,1125.9,190.93
980,32,13,2182,Suburban,Sunny,Truck,Medium,Weekend,79,44.38,1420.3,222.46
981,30,8,1927,Urban,Sunny,Truck,Medium,Weekday,96,28.66,859.7,148.68
982,50,28,2949,Urban,Sunny,Truck,Medium,Weekday,79,30.56,1527.83,302.78
983,45,10,1916,Highway,Sunny,Truck,Medium,Weekday,83,59.62,2682.78,426.0
984,52,23,2626,Suburban,Rainy,Truck,Low,Weekend,67,38.94,2024.71,352.57
985,35,8,1851,Urban,Rainy,Truck,Medium,Weekend,77,26.31,920.71,178.69
986,57,13,2188,Urban,Rainy,Truck,Medium,Weekday,67,26.27,1497.48,258.91
987,46,18,2393,Suburban,Rainy,Truck,Medium,Weekday,85,38.2,1757.11,323.1
988,34,8,1722,Urban,Sunny,Truck,High,Weekend,67,23.52,799.55,161.78
989,34,8,1791,Highway,Rainy,Truck,High,Weekday,89,41.36,1406.36,223.18
990,35,8,1900,Urban,Sunny,Truck,Medium,Weekend,88,29.36,1027.76,202.48
991,32,12,2008,Urban,Rainy,Truck,Medium,Weekend,62,24.83,794.46,155.46
992,50,20,2524,Urban,Snowy,Truck,Medium,Weekday,79,23.02,1150.93,201.15
993,52,12,1993,Highway,Sunny,Truck,High,Weekday,93,45.79,2381.27,356.3
994,34,15,2311,Highway,Sunny,Truck,Medium,Weekday,95,57.57,1957.33,329.1
995,50,19,2398,Highway,Sunny,Truck,High,Weekday,71,45.63,2281.63,350.66
996,34,10,2067,Suburban,Sunny,Truck,Medium,Weekday,71,43.44,1476.9,250.77
997,39,11,2029,Highway,Sunny,Truck,High,Weekday,78,45.93,1791.31,294.12
998,39,7,1706,Urban,Rainy,Truck,High,Weekday,85,21.41,835.05,149.38
999,48,10,1994,Suburban,Snowy,Truck,High,Weekday,80,26.43,1268.63,203.22
